page_url,file_name,file_url
https://www.python.org/community/lists,clpya-guidelines.txt,http://www.python.org/community/clpya-guidelines.txt
https://www.python.org/downloads/windows,python-3.13.5-embed-amd64.zip,https://www.python.org/ftp/python/3.13.5/python-3.13.5-embed-amd64.zip
https://www.python.org/downloads/windows,python-3.13.5-embed-win32.zip,https://www.python.org/ftp/python/3.13.5/python-3.13.5-embed-win32.zip
https://www.python.org/downloads/windows,python-3.13.5-embed-arm64.zip,https://www.python.org/ftp/python/3.13.5/python-3.13.5-embed-arm64.zip
https://www.python.org/downloads/windows,python-3.13.4-embed-amd64.zip,https://www.python.org/ftp/python/3.13.4/python-3.13.4-embed-amd64.zip
https://www.python.org/downloads/windows,python-3.13.4-embed-win32.zip,https://www.python.org/ftp/python/3.13.4/python-3.13.4-embed-win32.zip
https://www.python.org/downloads/windows,python-3.13.4-embed-arm64.zip,https://www.python.org/ftp/python/3.13.4/python-3.13.4-embed-arm64.zip
https://www.python.org/downloads/windows,python-3.13.3-embed-amd64.zip,https://www.python.org/ftp/python/3.13.3/python-3.13.3-embed-amd64.zip
https://www.python.org/downloads/windows,python-3.13.3-embed-win32.zip,https://www.python.org/ftp/python/3.13.3/python-3.13.3-embed-win32.zip
https://www.python.org/downloads/windows,python-3.13.3-embed-arm64.zip,https://www.python.org/ftp/python/3.13.3/python-3.13.3-embed-arm64.zip
https://www.python.org/downloads/windows,python-3.12.10-embed-amd64.zip,https://www.python.org/ftp/python/3.12.10/python-3.12.10-embed-amd64.zip
https://www.python.org/downloads/windows,python-3.12.10-embed-win32.zip,https://www.python.org/ftp/python/3.12.10/python-3.12.10-embed-win32.zip
https://www.python.org/downloads/windows,python-3.12.10-embed-arm64.zip,https://www.python.org/ftp/python/3.12.10/python-3.12.10-embed-arm64.zip
https://www.python.org/downloads/windows,python-3.13.2-embed-amd64.zip,https://www.python.org/ftp/python/3.13.2/python-3.13.2-embed-amd64.zip
https://www.python.org/downloads/windows,python-3.13.2-embed-win32.zip,https://www.python.org/ftp/python/3.13.2/python-3.13.2-embed-win32.zip
https://www.python.org/downloads/windows,python-3.13.2-embed-arm64.zip,https://www.python.org/ftp/python/3.13.2/python-3.13.2-embed-arm64.zip
https://www.python.org/downloads/windows,python-3.12.9-embed-amd64.zip,https://www.python.org/ftp/python/3.12.9/python-3.12.9-embed-amd64.zip
https://www.python.org/downloads/windows,python-3.12.9-embed-win32.zip,https://www.python.org/ftp/python/3.12.9/python-3.12.9-embed-win32.zip
https://www.python.org/downloads/windows,python-3.12.9-embed-arm64.zip,https://www.python.org/ftp/python/3.12.9/python-3.12.9-embed-arm64.zip
https://www.python.org/downloads/windows,python-3.12.8-embed-amd64.zip,https://www.python.org/ftp/python/3.12.8/python-3.12.8-embed-amd64.zip
https://www.python.org/downloads/windows,python-3.12.8-embed-win32.zip,https://www.python.org/ftp/python/3.12.8/python-3.12.8-embed-win32.zip
https://www.python.org/downloads/windows,python-3.12.8-embed-arm64.zip,https://www.python.org/ftp/python/3.12.8/python-3.12.8-embed-arm64.zip
https://www.python.org/downloads/windows,python-3.13.1-embed-amd64.zip,https://www.python.org/ftp/python/3.13.1/python-3.13.1-embed-amd64.zip
https://www.python.org/downloads/windows,python-3.13.1-embed-win32.zip,https://www.python.org/ftp/python/3.13.1/python-3.13.1-embed-win32.zip
https://www.python.org/downloads/windows,python-3.13.1-embed-arm64.zip,https://www.python.org/ftp/python/3.13.1/python-3.13.1-embed-arm64.zip
https://www.python.org/downloads/windows,python-3.13.0-embed-amd64.zip,https://www.python.org/ftp/python/3.13.0/python-3.13.0-embed-amd64.zip
https://www.python.org/downloads/windows,python-3.13.0-embed-win32.zip,https://www.python.org/ftp/python/3.13.0/python-3.13.0-embed-win32.zip
https://www.python.org/downloads/windows,python-3.13.0-embed-arm64.zip,https://www.python.org/ftp/python/3.13.0/python-3.13.0-embed-arm64.zip
https://www.python.org/downloads/windows,python-3.12.7-embed-amd64.zip,https://www.python.org/ftp/python/3.12.7/python-3.12.7-embed-amd64.zip
https://www.python.org/downloads/windows,python-3.12.7-embed-win32.zip,https://www.python.org/ftp/python/3.12.7/python-3.12.7-embed-win32.zip
https://www.python.org/downloads/windows,python-3.12.7-embed-arm64.zip,https://www.python.org/ftp/python/3.12.7/python-3.12.7-embed-arm64.zip
https://www.python.org/downloads/windows,python-3.12.6-embed-amd64.zip,https://www.python.org/ftp/python/3.12.6/python-3.12.6-embed-amd64.zip
https://www.python.org/downloads/windows,python-3.12.6-embed-win32.zip,https://www.python.org/ftp/python/3.12.6/python-3.12.6-embed-win32.zip
https://www.python.org/downloads/windows,python-3.12.6-embed-arm64.zip,https://www.python.org/ftp/python/3.12.6/python-3.12.6-embed-arm64.zip
https://www.python.org/downloads/windows,python-3.12.5-embed-amd64.zip,https://www.python.org/ftp/python/3.12.5/python-3.12.5-embed-amd64.zip
https://www.python.org/downloads/windows,python-3.12.5-embed-win32.zip,https://www.python.org/ftp/python/3.12.5/python-3.12.5-embed-win32.zip
https://www.python.org/downloads/windows,python-3.12.5-embed-arm64.zip,https://www.python.org/ftp/python/3.12.5/python-3.12.5-embed-arm64.zip
https://www.python.org/downloads/windows,python-3.12.4-embed-amd64.zip,https://www.python.org/ftp/python/3.12.4/python-3.12.4-embed-amd64.zip
https://www.python.org/downloads/windows,python-3.12.4-embed-win32.zip,https://www.python.org/ftp/python/3.12.4/python-3.12.4-embed-win32.zip
https://www.python.org/downloads/windows,python-3.12.4-embed-arm64.zip,https://www.python.org/ftp/python/3.12.4/python-3.12.4-embed-arm64.zip
https://www.python.org/downloads/windows,python-3.12.3-embed-amd64.zip,https://www.python.org/ftp/python/3.12.3/python-3.12.3-embed-amd64.zip
https://www.python.org/downloads/windows,python-3.12.3-embed-win32.zip,https://www.python.org/ftp/python/3.12.3/python-3.12.3-embed-win32.zip
https://www.python.org/downloads/windows,python-3.12.3-embed-arm64.zip,https://www.python.org/ftp/python/3.12.3/python-3.12.3-embed-arm64.zip
https://www.python.org/downloads/windows,python-3.11.9-embed-amd64.zip,https://www.python.org/ftp/python/3.11.9/python-3.11.9-embed-amd64.zip
https://www.python.org/downloads/windows,python-3.11.9-embed-win32.zip,https://www.python.org/ftp/python/3.11.9/python-3.11.9-embed-win32.zip
https://www.python.org/downloads/windows,python-3.11.9-embed-arm64.zip,https://www.python.org/ftp/python/3.11.9/python-3.11.9-embed-arm64.zip
https://www.python.org/downloads/windows,python-3.11.8-embed-amd64.zip,https://www.python.org/ftp/python/3.11.8/python-3.11.8-embed-amd64.zip
https://www.python.org/downloads/windows,python-3.11.8-embed-win32.zip,https://www.python.org/ftp/python/3.11.8/python-3.11.8-embed-win32.zip
https://www.python.org/downloads/windows,python-3.11.8-embed-arm64.zip,https://www.python.org/ftp/python/3.11.8/python-3.11.8-embed-arm64.zip
https://www.python.org/downloads/windows,python-3.12.2-embed-amd64.zip,https://www.python.org/ftp/python/3.12.2/python-3.12.2-embed-amd64.zip
https://www.python.org/downloads/windows,python-3.12.2-embed-win32.zip,https://www.python.org/ftp/python/3.12.2/python-3.12.2-embed-win32.zip
https://www.python.org/downloads/windows,python-3.12.2-embed-arm64.zip,https://www.python.org/ftp/python/3.12.2/python-3.12.2-embed-arm64.zip
https://www.python.org/downloads/windows,python-3.12.1-embed-amd64.zip,https://www.python.org/ftp/python/3.12.1/python-3.12.1-embed-amd64.zip
https://www.python.org/downloads/windows,python-3.12.1-embed-win32.zip,https://www.python.org/ftp/python/3.12.1/python-3.12.1-embed-win32.zip
https://www.python.org/downloads/windows,python-3.12.1-embed-arm64.zip,https://www.python.org/ftp/python/3.12.1/python-3.12.1-embed-arm64.zip
https://www.python.org/downloads/windows,python-3.11.7-embed-amd64.zip,https://www.python.org/ftp/python/3.11.7/python-3.11.7-embed-amd64.zip
https://www.python.org/downloads/windows,python-3.11.7-embed-win32.zip,https://www.python.org/ftp/python/3.11.7/python-3.11.7-embed-win32.zip
https://www.python.org/downloads/windows,python-3.11.7-embed-arm64.zip,https://www.python.org/ftp/python/3.11.7/python-3.11.7-embed-arm64.zip
https://www.python.org/downloads/windows,python-3.12.0-embed-amd64.zip,https://www.python.org/ftp/python/3.12.0/python-3.12.0-embed-amd64.zip
https://www.python.org/downloads/windows,python-3.12.0-embed-win32.zip,https://www.python.org/ftp/python/3.12.0/python-3.12.0-embed-win32.zip
https://www.python.org/downloads/windows,python-3.12.0-embed-arm64.zip,https://www.python.org/ftp/python/3.12.0/python-3.12.0-embed-arm64.zip
https://www.python.org/downloads/windows,python-3.11.6-embed-amd64.zip,https://www.python.org/ftp/python/3.11.6/python-3.11.6-embed-amd64.zip
https://www.python.org/downloads/windows,python-3.11.6-embed-win32.zip,https://www.python.org/ftp/python/3.11.6/python-3.11.6-embed-win32.zip
https://www.python.org/downloads/windows,python-3.11.6-embed-arm64.zip,https://www.python.org/ftp/python/3.11.6/python-3.11.6-embed-arm64.zip
https://www.python.org/downloads/windows,python-3.11.5-embed-amd64.zip,https://www.python.org/ftp/python/3.11.5/python-3.11.5-embed-amd64.zip
https://www.python.org/downloads/windows,python-3.11.5-embed-win32.zip,https://www.python.org/ftp/python/3.11.5/python-3.11.5-embed-win32.zip
https://www.python.org/downloads/windows,python-3.11.5-embed-arm64.zip,https://www.python.org/ftp/python/3.11.5/python-3.11.5-embed-arm64.zip
https://www.python.org/downloads/windows,python-3.11.4-embed-amd64.zip,https://www.python.org/ftp/python/3.11.4/python-3.11.4-embed-amd64.zip
https://www.python.org/downloads/windows,python-3.11.4-embed-win32.zip,https://www.python.org/ftp/python/3.11.4/python-3.11.4-embed-win32.zip
https://www.python.org/downloads/windows,python-3.11.4-embed-arm64.zip,https://www.python.org/ftp/python/3.11.4/python-3.11.4-embed-arm64.zip
https://www.python.org/downloads/windows,python-3.10.11-embed-amd64.zip,https://www.python.org/ftp/python/3.10.11/python-3.10.11-embed-amd64.zip
https://www.python.org/downloads/windows,python-3.10.11-embed-win32.zip,https://www.python.org/ftp/python/3.10.11/python-3.10.11-embed-win32.zip
https://www.python.org/downloads/windows,python-3.11.3-embed-amd64.zip,https://www.python.org/ftp/python/3.11.3/python-3.11.3-embed-amd64.zip
https://www.python.org/downloads/windows,python-3.11.3-embed-win32.zip,https://www.python.org/ftp/python/3.11.3/python-3.11.3-embed-win32.zip
https://www.python.org/downloads/windows,python-3.11.3-embed-arm64.zip,https://www.python.org/ftp/python/3.11.3/python-3.11.3-embed-arm64.zip
https://www.python.org/downloads/windows,python-3.10.10-embed-amd64.zip,https://www.python.org/ftp/python/3.10.10/python-3.10.10-embed-amd64.zip
https://www.python.org/downloads/windows,python-3.10.10-embed-win32.zip,https://www.python.org/ftp/python/3.10.10/python-3.10.10-embed-win32.zip
https://www.python.org/downloads/windows,python-3.11.2-embed-amd64.zip,https://www.python.org/ftp/python/3.11.2/python-3.11.2-embed-amd64.zip
https://www.python.org/downloads/windows,python-3.11.2-embed-win32.zip,https://www.python.org/ftp/python/3.11.2/python-3.11.2-embed-win32.zip
https://www.python.org/downloads/windows,python-3.11.2-embed-arm64.zip,https://www.python.org/ftp/python/3.11.2/python-3.11.2-embed-arm64.zip
https://www.python.org/downloads/windows,python-3.11.1-embed-amd64.zip,https://www.python.org/ftp/python/3.11.1/python-3.11.1-embed-amd64.zip
https://www.python.org/downloads/windows,python-3.11.1-embed-win32.zip,https://www.python.org/ftp/python/3.11.1/python-3.11.1-embed-win32.zip
https://www.python.org/downloads/windows,python-3.11.1-embed-arm64.zip,https://www.python.org/ftp/python/3.11.1/python-3.11.1-embed-arm64.zip
https://www.python.org/downloads/windows,python-3.10.9-embed-amd64.zip,https://www.python.org/ftp/python/3.10.9/python-3.10.9-embed-amd64.zip
https://www.python.org/downloads/windows,python-3.10.9-embed-win32.zip,https://www.python.org/ftp/python/3.10.9/python-3.10.9-embed-win32.zip
https://www.python.org/downloads/windows,python-3.11.0-embed-amd64.zip,https://www.python.org/ftp/python/3.11.0/python-3.11.0-embed-amd64.zip
https://www.python.org/downloads/windows,python-3.11.0-embed-win32.zip,https://www.python.org/ftp/python/3.11.0/python-3.11.0-embed-win32.zip
https://www.python.org/downloads/windows,python-3.11.0-embed-arm64.zip,https://www.python.org/ftp/python/3.11.0/python-3.11.0-embed-arm64.zip
https://www.python.org/downloads/windows,python-3.10.8-embed-amd64.zip,https://www.python.org/ftp/python/3.10.8/python-3.10.8-embed-amd64.zip
https://www.python.org/downloads/windows,python-3.10.8-embed-win32.zip,https://www.python.org/ftp/python/3.10.8/python-3.10.8-embed-win32.zip
https://www.python.org/downloads/windows,python-3.10.7-embed-amd64.zip,https://www.python.org/ftp/python/3.10.7/python-3.10.7-embed-amd64.zip
https://www.python.org/downloads/windows,python-3.10.7-embed-win32.zip,https://www.python.org/ftp/python/3.10.7/python-3.10.7-embed-win32.zip
https://www.python.org/downloads/windows,python-3.10.6-embed-amd64.zip,https://www.python.org/ftp/python/3.10.6/python-3.10.6-embed-amd64.zip
https://www.python.org/downloads/windows,python-3.10.6-embed-win32.zip,https://www.python.org/ftp/python/3.10.6/python-3.10.6-embed-win32.zip
https://www.python.org/downloads/windows,python-3.10.5-embed-amd64.zip,https://www.python.org/ftp/python/3.10.5/python-3.10.5-embed-amd64.zip
https://www.python.org/downloads/windows,python-3.10.5-embed-win32.zip,https://www.python.org/ftp/python/3.10.5/python-3.10.5-embed-win32.zip
https://www.python.org/downloads/windows,python-3.9.13-embed-amd64.zip,https://www.python.org/ftp/python/3.9.13/python-3.9.13-embed-amd64.zip
https://www.python.org/downloads/windows,python-3.9.13-embed-win32.zip,https://www.python.org/ftp/python/3.9.13/python-3.9.13-embed-win32.zip
https://www.python.org/downloads/windows,python-3.10.4-embed-amd64.zip,https://www.python.org/ftp/python/3.10.4/python-3.10.4-embed-amd64.zip
https://www.python.org/downloads/windows,python-3.10.4-embed-win32.zip,https://www.python.org/ftp/python/3.10.4/python-3.10.4-embed-win32.zip
https://www.python.org/downloads/windows,python-3.9.12-embed-amd64.zip,https://www.python.org/ftp/python/3.9.12/python-3.9.12-embed-amd64.zip
https://www.python.org/downloads/windows,python-3.9.12-embed-win32.zip,https://www.python.org/ftp/python/3.9.12/python-3.9.12-embed-win32.zip
https://www.python.org/downloads/windows,python-3.10.3-embed-amd64.zip,https://www.python.org/ftp/python/3.10.3/python-3.10.3-embed-amd64.zip
https://www.python.org/downloads/windows,python-3.10.3-embed-win32.zip,https://www.python.org/ftp/python/3.10.3/python-3.10.3-embed-win32.zip
https://www.python.org/downloads/windows,python-3.9.11-embed-amd64.zip,https://www.python.org/ftp/python/3.9.11/python-3.9.11-embed-amd64.zip
https://www.python.org/downloads/windows,python-3.9.11-embed-win32.zip,https://www.python.org/ftp/python/3.9.11/python-3.9.11-embed-win32.zip
https://www.python.org/downloads/windows,python-3.9.10-embed-amd64.zip,https://www.python.org/ftp/python/3.9.10/python-3.9.10-embed-amd64.zip
https://www.python.org/downloads/windows,python-3.9.10-embed-win32.zip,https://www.python.org/ftp/python/3.9.10/python-3.9.10-embed-win32.zip
https://www.python.org/downloads/windows,python-3.10.2-embed-amd64.zip,https://www.python.org/ftp/python/3.10.2/python-3.10.2-embed-amd64.zip
https://www.python.org/downloads/windows,python-3.10.2-embed-win32.zip,https://www.python.org/ftp/python/3.10.2/python-3.10.2-embed-win32.zip
https://www.python.org/downloads/windows,python-3.10.1-embed-amd64.zip,https://www.python.org/ftp/python/3.10.1/python-3.10.1-embed-amd64.zip
https://www.python.org/downloads/windows,python-3.10.1-embed-win32.zip,https://www.python.org/ftp/python/3.10.1/python-3.10.1-embed-win32.zip
https://www.python.org/downloads/windows,python-3.10.1-embed-arm64.zip,https://www.python.org/ftp/python/3.10.1/python-3.10.1-embed-arm64.zip
https://www.python.org/downloads/windows,python-3.9.9-embed-amd64.zip,https://www.python.org/ftp/python/3.9.9/python-3.9.9-embed-amd64.zip
https://www.python.org/downloads/windows,python-3.9.9-embed-win32.zip,https://www.python.org/ftp/python/3.9.9/python-3.9.9-embed-win32.zip
https://www.python.org/downloads/windows,python-3.9.8-embed-amd64.zip,https://www.python.org/ftp/python/3.9.8/python-3.9.8-embed-amd64.zip
https://www.python.org/downloads/windows,python-3.9.8-embed-win32.zip,https://www.python.org/ftp/python/3.9.8/python-3.9.8-embed-win32.zip
https://www.python.org/downloads/windows,python-3.10.0-embed-amd64.zip,https://www.python.org/ftp/python/3.10.0/python-3.10.0-embed-amd64.zip
https://www.python.org/downloads/windows,python-3.10.0-embed-win32.zip,https://www.python.org/ftp/python/3.10.0/python-3.10.0-embed-win32.zip
https://www.python.org/downloads/windows,python-3.9.7-embed-amd64.zip,https://www.python.org/ftp/python/3.9.7/python-3.9.7-embed-amd64.zip
https://www.python.org/downloads/windows,python-3.9.7-embed-win32.zip,https://www.python.org/ftp/python/3.9.7/python-3.9.7-embed-win32.zip
https://www.python.org/downloads/windows,python-3.9.6-embed-amd64.zip,https://www.python.org/ftp/python/3.9.6/python-3.9.6-embed-amd64.zip
https://www.python.org/downloads/windows,python-3.9.6-embed-win32.zip,https://www.python.org/ftp/python/3.9.6/python-3.9.6-embed-win32.zip
https://www.python.org/downloads/windows,python-3.9.5-embed-amd64.zip,https://www.python.org/ftp/python/3.9.5/python-3.9.5-embed-amd64.zip
https://www.python.org/downloads/windows,python-3.9.5-embed-win32.zip,https://www.python.org/ftp/python/3.9.5/python-3.9.5-embed-win32.zip
https://www.python.org/downloads/windows,python-3.8.10-embed-amd64.zip,https://www.python.org/ftp/python/3.8.10/python-3.8.10-embed-amd64.zip
https://www.python.org/downloads/windows,python-3.8.10-embed-win32.zip,https://www.python.org/ftp/python/3.8.10/python-3.8.10-embed-win32.zip
https://www.python.org/downloads/windows,python-3.9.4-embed-amd64.zip,https://www.python.org/ftp/python/3.9.4/python-3.9.4-embed-amd64.zip
https://www.python.org/downloads/windows,python-3.9.4-embed-win32.zip,https://www.python.org/ftp/python/3.9.4/python-3.9.4-embed-win32.zip
https://www.python.org/downloads/windows,python-3.8.9-embed-amd64.zip,https://www.python.org/ftp/python/3.8.9/python-3.8.9-embed-amd64.zip
https://www.python.org/downloads/windows,python-3.8.9-embed-win32.zip,https://www.python.org/ftp/python/3.8.9/python-3.8.9-embed-win32.zip
https://www.python.org/downloads/windows,python-3.9.2-embed-amd64.zip,https://www.python.org/ftp/python/3.9.2/python-3.9.2-embed-amd64.zip
https://www.python.org/downloads/windows,python-3.9.2-embed-win32.zip,https://www.python.org/ftp/python/3.9.2/python-3.9.2-embed-win32.zip
https://www.python.org/downloads/windows,python-3.8.8-embed-amd64.zip,https://www.python.org/ftp/python/3.8.8/python-3.8.8-embed-amd64.zip
https://www.python.org/downloads/windows,python-3.8.8-embed-win32.zip,https://www.python.org/ftp/python/3.8.8/python-3.8.8-embed-win32.zip
https://www.python.org/downloads/windows,python-3.8.7-embed-amd64.zip,https://www.python.org/ftp/python/3.8.7/python-3.8.7-embed-amd64.zip
https://www.python.org/downloads/windows,python-3.8.7-embed-win32.zip,https://www.python.org/ftp/python/3.8.7/python-3.8.7-embed-win32.zip
https://www.python.org/downloads/windows,python-3.9.1-embed-amd64.zip,https://www.python.org/ftp/python/3.9.1/python-3.9.1-embed-amd64.zip
https://www.python.org/downloads/windows,python-3.9.1-embed-win32.zip,https://www.python.org/ftp/python/3.9.1/python-3.9.1-embed-win32.zip
https://www.python.org/downloads/windows,python-3.9.0-embed-win32.zip,https://www.python.org/ftp/python/3.9.0/python-3.9.0-embed-win32.zip
https://www.python.org/downloads/windows,python-3.9.0-embed-amd64.zip,https://www.python.org/ftp/python/3.9.0/python-3.9.0-embed-amd64.zip
https://www.python.org/downloads/windows,python-3.8.6-embed-win32.zip,https://www.python.org/ftp/python/3.8.6/python-3.8.6-embed-win32.zip
https://www.python.org/downloads/windows,python-3.8.6-embed-amd64.zip,https://www.python.org/ftp/python/3.8.6/python-3.8.6-embed-amd64.zip
https://www.python.org/downloads/windows,python-3.8.6rc1-embed-win32.zip,https://www.python.org/ftp/python/3.8.6/python-3.8.6rc1-embed-win32.zip
https://www.python.org/downloads/windows,python-3.8.6rc1-embed-amd64.zip,https://www.python.org/ftp/python/3.8.6/python-3.8.6rc1-embed-amd64.zip
https://www.python.org/downloads/windows,python-3.7.9-embed-win32.zip,https://www.python.org/ftp/python/3.7.9/python-3.7.9-embed-win32.zip
https://www.python.org/downloads/windows,python-3.7.9-embed-amd64.zip,https://www.python.org/ftp/python/3.7.9/python-3.7.9-embed-amd64.zip
https://www.python.org/downloads/windows,python-3.8.5-embed-win32.zip,https://www.python.org/ftp/python/3.8.5/python-3.8.5-embed-win32.zip
https://www.python.org/downloads/windows,python-3.8.5-embed-amd64.zip,https://www.python.org/ftp/python/3.8.5/python-3.8.5-embed-amd64.zip
https://www.python.org/downloads/windows,python-3.8.4-embed-win32.zip,https://www.python.org/ftp/python/3.8.4/python-3.8.4-embed-win32.zip
https://www.python.org/downloads/windows,python-3.8.4-embed-amd64.zip,https://www.python.org/ftp/python/3.8.4/python-3.8.4-embed-amd64.zip
https://www.python.org/downloads/windows,python-3.8.4rc1-embed-win32.zip,https://www.python.org/ftp/python/3.8.4/python-3.8.4rc1-embed-win32.zip
https://www.python.org/downloads/windows,python-3.8.4rc1-embed-amd64.zip,https://www.python.org/ftp/python/3.8.4/python-3.8.4rc1-embed-amd64.zip
https://www.python.org/downloads/windows,python-3.7.8-embed-win32.zip,https://www.python.org/ftp/python/3.7.8/python-3.7.8-embed-win32.zip
https://www.python.org/downloads/windows,python-3.7.8-embed-amd64.zip,https://www.python.org/ftp/python/3.7.8/python-3.7.8-embed-amd64.zip
https://www.python.org/downloads/windows,python-3.8.3-embed-win32.zip,https://www.python.org/ftp/python/3.8.3/python-3.8.3-embed-win32.zip
https://www.python.org/downloads/windows,python-3.8.3-embed-amd64.zip,https://www.python.org/ftp/python/3.8.3/python-3.8.3-embed-amd64.zip
https://www.python.org/downloads/windows,python-3.8.3rc1-embed-win32.zip,https://www.python.org/ftp/python/3.8.3/python-3.8.3rc1-embed-win32.zip
https://www.python.org/downloads/windows,python-3.8.3rc1-embed-amd64.zip,https://www.python.org/ftp/python/3.8.3/python-3.8.3rc1-embed-amd64.zip
https://www.python.org/downloads/windows,python-2.7.18-pdb.zip,https://www.python.org/ftp/python/2.7.18/python-2.7.18-pdb.zip
https://www.python.org/downloads/windows,python-2.7.18.amd64-pdb.zip,https://www.python.org/ftp/python/2.7.18/python-2.7.18.amd64-pdb.zip
https://www.python.org/downloads/windows,python-3.7.7-embed-win32.zip,https://www.python.org/ftp/python/3.7.7/python-3.7.7-embed-win32.zip
https://www.python.org/downloads/windows,python-3.7.7-embed-amd64.zip,https://www.python.org/ftp/python/3.7.7/python-3.7.7-embed-amd64.zip
https://www.python.org/downloads/windows,python-3.8.2-embed-win32.zip,https://www.python.org/ftp/python/3.8.2/python-3.8.2-embed-win32.zip
https://www.python.org/downloads/windows,python-3.8.2-embed-amd64.zip,https://www.python.org/ftp/python/3.8.2/python-3.8.2-embed-amd64.zip
https://www.python.org/downloads/windows,python-3.8.1-embed-win32.zip,https://www.python.org/ftp/python/3.8.1/python-3.8.1-embed-win32.zip
https://www.python.org/downloads/windows,python-3.8.1-embed-amd64.zip,https://www.python.org/ftp/python/3.8.1/python-3.8.1-embed-amd64.zip
https://www.python.org/downloads/windows,python-3.7.6-embed-win32.zip,https://www.python.org/ftp/python/3.7.6/python-3.7.6-embed-win32.zip
https://www.python.org/downloads/windows,python-3.7.6-embed-amd64.zip,https://www.python.org/ftp/python/3.7.6/python-3.7.6-embed-amd64.zip
https://www.python.org/downloads/windows,python-2.7.17-pdb.zip,https://www.python.org/ftp/python/2.7.17/python-2.7.17-pdb.zip
https://www.python.org/downloads/windows,python-2.7.17.amd64-pdb.zip,https://www.python.org/ftp/python/2.7.17/python-2.7.17.amd64-pdb.zip
https://www.python.org/downloads/windows,python-3.7.5-embed-win32.zip,https://www.python.org/ftp/python/3.7.5/python-3.7.5-embed-win32.zip
https://www.python.org/downloads/windows,python-3.7.5-embed-amd64.zip,https://www.python.org/ftp/python/3.7.5/python-3.7.5-embed-amd64.zip
https://www.python.org/downloads/windows,python-3.8.0-embed-win32.zip,https://www.python.org/ftp/python/3.8.0/python-3.8.0-embed-win32.zip
https://www.python.org/downloads/windows,python-3.8.0-embed-amd64.zip,https://www.python.org/ftp/python/3.8.0/python-3.8.0-embed-amd64.zip
https://www.python.org/downloads/windows,python-3.7.4-embed-win32.zip,https://www.python.org/ftp/python/3.7.4/python-3.7.4-embed-win32.zip
https://www.python.org/downloads/windows,python-3.7.4-embed-amd64.zip,https://www.python.org/ftp/python/3.7.4/python-3.7.4-embed-amd64.zip
https://www.python.org/downloads/windows,python-3.7.3-embed-win32.zip,https://www.python.org/ftp/python/3.7.3/python-3.7.3-embed-win32.zip
https://www.python.org/downloads/windows,python-3.7.3-embed-amd64.zip,https://www.python.org/ftp/python/3.7.3/python-3.7.3-embed-amd64.zip
https://www.python.org/downloads/windows,python-2.7.16-pdb.zip,https://www.python.org/ftp/python/2.7.16/python-2.7.16-pdb.zip
https://www.python.org/downloads/windows,python-2.7.16.amd64-pdb.zip,https://www.python.org/ftp/python/2.7.16/python-2.7.16.amd64-pdb.zip
https://www.python.org/downloads/windows,python-3.7.2.post1-embed-win32.zip,https://www.python.org/ftp/python/3.7.2/python-3.7.2.post1-embed-win32.zip
https://www.python.org/downloads/windows,python-3.7.2.post1-embed-amd64.zip,https://www.python.org/ftp/python/3.7.2/python-3.7.2.post1-embed-amd64.zip
https://www.python.org/downloads/windows,python-3.6.8-embed-win32.zip,https://www.python.org/ftp/python/3.6.8/python-3.6.8-embed-win32.zip
https://www.python.org/downloads/windows,python-3.6.8-embed-amd64.zip,https://www.python.org/ftp/python/3.6.8/python-3.6.8-embed-amd64.zip
https://www.python.org/downloads/windows,python-3.7.1-embed-win32.zip,https://www.python.org/ftp/python/3.7.1/python-3.7.1-embed-win32.zip
https://www.python.org/downloads/windows,python-3.7.1-embed-amd64.zip,https://www.python.org/ftp/python/3.7.1/python-3.7.1-embed-amd64.zip
https://www.python.org/downloads/windows,python-3.6.7-embed-win32.zip,https://www.python.org/ftp/python/3.6.7/python-3.6.7-embed-win32.zip
https://www.python.org/downloads/windows,python-3.6.7-embed-amd64.zip,https://www.python.org/ftp/python/3.6.7/python-3.6.7-embed-amd64.zip
https://www.python.org/downloads/windows,python-3.7.0-embed-win32.zip,https://www.python.org/ftp/python/3.7.0/python-3.7.0-embed-win32.zip
https://www.python.org/downloads/windows,python-3.7.0-embed-amd64.zip,https://www.python.org/ftp/python/3.7.0/python-3.7.0-embed-amd64.zip
https://www.python.org/downloads/windows,python-3.6.6-embed-win32.zip,https://www.python.org/ftp/python/3.6.6/python-3.6.6-embed-win32.zip
https://www.python.org/downloads/windows,python-3.6.6-embed-amd64.zip,https://www.python.org/ftp/python/3.6.6/python-3.6.6-embed-amd64.zip
https://www.python.org/downloads/windows,python-2.7.15-pdb.zip,https://www.python.org/ftp/python/2.7.15/python-2.7.15-pdb.zip
https://www.python.org/downloads/windows,python-2.7.15.amd64-pdb.zip,https://www.python.org/ftp/python/2.7.15/python-2.7.15.amd64-pdb.zip
https://www.python.org/downloads/windows,python-3.6.5-embed-win32.zip,https://www.python.org/ftp/python/3.6.5/python-3.6.5-embed-win32.zip
https://www.python.org/downloads/windows,python-3.6.5-embed-amd64.zip,https://www.python.org/ftp/python/3.6.5/python-3.6.5-embed-amd64.zip
https://www.python.org/downloads/windows,python-3.6.4-embed-win32.zip,https://www.python.org/ftp/python/3.6.4/python-3.6.4-embed-win32.zip
https://www.python.org/downloads/windows,python-3.6.4-embed-amd64.zip,https://www.python.org/ftp/python/3.6.4/python-3.6.4-embed-amd64.zip
https://www.python.org/downloads/windows,python-3.6.3-embed-win32.zip,https://www.python.org/ftp/python/3.6.3/python-3.6.3-embed-win32.zip
https://www.python.org/downloads/windows,python-3.6.3-embed-amd64.zip,https://www.python.org/ftp/python/3.6.3/python-3.6.3-embed-amd64.zip
https://www.python.org/downloads/windows,python-2.7.14-pdb.zip,https://www.python.org/ftp/python/2.7.14/python-2.7.14-pdb.zip
https://www.python.org/downloads/windows,python-2.7.14.amd64-pdb.zip,https://www.python.org/ftp/python/2.7.14/python-2.7.14.amd64-pdb.zip
https://www.python.org/downloads/windows,python-3.5.4-embed-win32.zip,https://www.python.org/ftp/python/3.5.4/python-3.5.4-embed-win32.zip
https://www.python.org/downloads/windows,python-3.5.4-embed-amd64.zip,https://www.python.org/ftp/python/3.5.4/python-3.5.4-embed-amd64.zip
https://www.python.org/downloads/windows,python-3.6.2-embed-win32.zip,https://www.python.org/ftp/python/3.6.2/python-3.6.2-embed-win32.zip
https://www.python.org/downloads/windows,python-3.6.2-embed-amd64.zip,https://www.python.org/ftp/python/3.6.2/python-3.6.2-embed-amd64.zip
https://www.python.org/downloads/windows,python-3.6.1-embed-win32.zip,https://www.python.org/ftp/python/3.6.1/python-3.6.1-embed-win32.zip
https://www.python.org/downloads/windows,python-3.6.1-embed-amd64.zip,https://www.python.org/ftp/python/3.6.1/python-3.6.1-embed-amd64.zip
https://www.python.org/downloads/windows,python-3.5.3-embed-win32.zip,https://www.python.org/ftp/python/3.5.3/python-3.5.3-embed-win32.zip
https://www.python.org/downloads/windows,python-3.5.3-embed-amd64.zip,https://www.python.org/ftp/python/3.5.3/python-3.5.3-embed-amd64.zip
https://www.python.org/downloads/windows,python-3.6.0-embed-win32.zip,https://www.python.org/ftp/python/3.6.0/python-3.6.0-embed-win32.zip
https://www.python.org/downloads/windows,python-3.6.0-embed-amd64.zip,https://www.python.org/ftp/python/3.6.0/python-3.6.0-embed-amd64.zip
https://www.python.org/downloads/windows,python-2.7.13-pdb.zip,https://www.python.org/ftp/python/2.7.13/python-2.7.13-pdb.zip
https://www.python.org/downloads/windows,python-2.7.13.amd64-pdb.zip,https://www.python.org/ftp/python/2.7.13/python-2.7.13.amd64-pdb.zip
https://www.python.org/downloads/windows,python-3.5.2-embed-win32.zip,https://www.python.org/ftp/python/3.5.2/python-3.5.2-embed-win32.zip
https://www.python.org/downloads/windows,python-3.5.2-embed-amd64.zip,https://www.python.org/ftp/python/3.5.2/python-3.5.2-embed-amd64.zip
https://www.python.org/downloads/windows,python-2.7.12-pdb.zip,https://www.python.org/ftp/python/2.7.12/python-2.7.12-pdb.zip
https://www.python.org/downloads/windows,python-2.7.12.amd64-pdb.zip,https://www.python.org/ftp/python/2.7.12/python-2.7.12.amd64-pdb.zip
https://www.python.org/downloads/windows,python-3.4.4-pdb.zip,https://www.python.org/ftp/python/3.4.4/python-3.4.4-pdb.zip
https://www.python.org/downloads/windows,python-3.4.4.amd64-pdb.zip,https://www.python.org/ftp/python/3.4.4/python-3.4.4.amd64-pdb.zip
https://www.python.org/downloads/windows,python-3.5.1-embed-win32.zip,https://www.python.org/ftp/python/3.5.1/python-3.5.1-embed-win32.zip
https://www.python.org/downloads/windows,python-3.5.1-embed-amd64.zip,https://www.python.org/ftp/python/3.5.1/python-3.5.1-embed-amd64.zip
https://www.python.org/downloads/windows,python-2.7.11-pdb.zip,https://www.python.org/ftp/python/2.7.11/python-2.7.11-pdb.zip
https://www.python.org/downloads/windows,python-2.7.11.amd64-pdb.zip,https://www.python.org/ftp/python/2.7.11/python-2.7.11.amd64-pdb.zip
https://www.python.org/downloads/windows,python-3.5.0-embed-win32.zip,https://www.python.org/ftp/python/3.5.0/python-3.5.0-embed-win32.zip
https://www.python.org/downloads/windows,python-3.5.0-embed-amd64.zip,https://www.python.org/ftp/python/3.5.0/python-3.5.0-embed-amd64.zip
https://www.python.org/downloads/windows,python-2.7.10-pdb.zip,https://www.python.org/ftp/python/2.7.10/python-2.7.10-pdb.zip
https://www.python.org/downloads/windows,python-2.7.10.amd64-pdb.zip,https://www.python.org/ftp/python/2.7.10/python-2.7.10.amd64-pdb.zip
https://www.python.org/downloads/windows,python-3.4.3-pdb.zip,https://www.python.org/ftp/python/3.4.3/python-3.4.3-pdb.zip
https://www.python.org/downloads/windows,python-3.4.3.amd64-pdb.zip,https://www.python.org/ftp/python/3.4.3/python-3.4.3.amd64-pdb.zip
https://www.python.org/downloads/windows,python-2.7.9-pdb.zip,https://www.python.org/ftp/python/2.7.9/python-2.7.9-pdb.zip
https://www.python.org/downloads/windows,python-2.7.9.amd64-pdb.zip,https://www.python.org/ftp/python/2.7.9/python-2.7.9.amd64-pdb.zip
https://www.python.org/downloads/windows,python-3.4.2-pdb.zip,https://www.python.org/ftp/python/3.4.2/python-3.4.2-pdb.zip
https://www.python.org/downloads/windows,python-3.4.2.amd64-pdb.zip,https://www.python.org/ftp/python/3.4.2/python-3.4.2.amd64-pdb.zip
https://www.python.org/downloads/windows,python-2.7.8-pdb.zip,https://www.python.org/ftp/python/2.7.8/python-2.7.8-pdb.zip
https://www.python.org/downloads/windows,python-2.7.8.amd64-pdb.zip,https://www.python.org/ftp/python/2.7.8/python-2.7.8.amd64-pdb.zip
https://www.python.org/downloads/windows,python-2.7.7-pdb.zip,https://www.python.org/ftp/python/2.7.7/python-2.7.7-pdb.zip
https://www.python.org/downloads/windows,python-2.7.7.amd64-pdb.zip,https://www.python.org/ftp/python/2.7.7/python-2.7.7.amd64-pdb.zip
https://www.python.org/downloads/windows,python-3.4.1-pdb.zip,https://www.python.org/ftp/python/3.4.1/python-3.4.1-pdb.zip
https://www.python.org/downloads/windows,python-3.4.1.amd64-pdb.zip,https://www.python.org/ftp/python/3.4.1/python-3.4.1.amd64-pdb.zip
https://www.python.org/downloads/windows,python-3.4.0-pdb.zip,https://www.python.org/ftp/python/3.4.0/python-3.4.0-pdb.zip
https://www.python.org/downloads/windows,python-3.4.0.amd64-pdb.zip,https://www.python.org/ftp/python/3.4.0/python-3.4.0.amd64-pdb.zip
https://www.python.org/downloads/windows,python-3.3.5-pdb.zip,http://www.python.org/ftp/python/3.3.5/python-3.3.5-pdb.zip
https://www.python.org/downloads/windows,python-3.3.5.amd64-pdb.zip,http://www.python.org/ftp/python/3.3.5/python-3.3.5.amd64-pdb.zip
https://www.python.org/downloads/windows,python-3.3.3-pdb.zip,https://www.python.org/ftp/python/3.3.3/python-3.3.3-pdb.zip
https://www.python.org/downloads/windows,python-2.7.6.amd64-pdb.zip,https://www.python.org/ftp/python/2.7.6/python-2.7.6.amd64-pdb.zip
https://www.python.org/downloads/windows,python-2.7.6-pdb.zip,https://www.python.org/ftp/python/2.7.6/python-2.7.6-pdb.zip
https://www.python.org/downloads/windows,python-3.2.5-pdb.zip,https://www.python.org/ftp/python/3.2.5/python-3.2.5-pdb.zip
https://www.python.org/downloads/windows,python-3.3.2-pdb.zip,https://www.python.org/ftp/python/3.3.2/python-3.3.2-pdb.zip
https://www.python.org/downloads/windows,python-2.7.5-pdb.zip,https://www.python.org/ftp/python/2.7.5/python-2.7.5-pdb.zip
https://www.python.org/downloads/windows,python-3.3.1-pdb.zip,https://www.python.org/ftp/python/3.3.1/python-3.3.1-pdb.zip
https://www.python.org/downloads/windows,python-2.7.4-pdb.zip,https://www.python.org/ftp/python/2.7.4/python-2.7.4-pdb.zip
https://www.python.org/downloads/windows,python-3.2.4-pdb.zip,https://www.python.org/ftp/python/3.2.4/python-3.2.4-pdb.zip
https://www.python.org/downloads/windows,python-3.3.0-pdb.zip,https://www.python.org/ftp/python/3.3.0/python-3.3.0-pdb.zip
https://www.python.org/downloads/windows,python-3.2.3-pdb.zip,https://www.python.org/ftp/python/3.2.3/python-3.2.3-pdb.zip
https://www.python.org/downloads/windows,python-2.7.3-pdb.zip,https://www.python.org/ftp/python/2.7.3/python-2.7.3-pdb.zip
https://www.python.org/downloads/windows,python-3.2.2-pdb.zip,https://www.python.org/ftp/python/3.2.2/python-3.2.2-pdb.zip
https://www.python.org/downloads/windows,python-3.2.1-pdb.zip,https://www.python.org/ftp/python/3.2.1/python-3.2.1-pdb.zip
https://www.python.org/downloads/windows,python-3.1.4-pdb.zip,https://www.python.org/ftp/python/3.1.4/python-3.1.4-pdb.zip
https://www.python.org/downloads/windows,python-2.7.2-pdb.zip,https://www.python.org/ftp/python/2.7.2/python-2.7.2-pdb.zip
https://www.python.org/downloads/windows,python-3.2-pdb.zip,https://www.python.org/ftp/python/3.2/python-3.2-pdb.zip
https://www.python.org/downloads/windows,python-3.1.3-pdb.zip,https://www.python.org/ftp/python/3.1.3/python-3.1.3-pdb.zip
https://www.python.org/downloads/windows,python-2.7.1-pdb.zip,https://www.python.org/ftp/python/2.7.1/python-2.7.1-pdb.zip
https://www.python.org/downloads/windows,Python-2.0.1-Debug.zip,https://www.python.org/ftp/python/2.0.1/Python-2.0.1-Debug.zip
https://www.python.org/downloads/windows,python-3.14.0rc1-embed-amd64.zip,https://www.python.org/ftp/python/3.14.0/python-3.14.0rc1-embed-amd64.zip
https://www.python.org/downloads/windows,python-3.14.0rc1-embed-win32.zip,https://www.python.org/ftp/python/3.14.0/python-3.14.0rc1-embed-win32.zip
https://www.python.org/downloads/windows,python-3.14.0rc1-embed-arm64.zip,https://www.python.org/ftp/python/3.14.0/python-3.14.0rc1-embed-arm64.zip
https://www.python.org/downloads/windows,python-3.14.0b4-embed-amd64.zip,https://www.python.org/ftp/python/3.14.0/python-3.14.0b4-embed-amd64.zip
https://www.python.org/downloads/windows,python-3.14.0b4-embed-win32.zip,https://www.python.org/ftp/python/3.14.0/python-3.14.0b4-embed-win32.zip
https://www.python.org/downloads/windows,python-3.14.0b4-embed-arm64.zip,https://www.python.org/ftp/python/3.14.0/python-3.14.0b4-embed-arm64.zip
https://www.python.org/downloads/windows,python-3.14.0b3-embed-amd64.zip,https://www.python.org/ftp/python/3.14.0/python-3.14.0b3-embed-amd64.zip
https://www.python.org/downloads/windows,python-3.14.0b3-embed-win32.zip,https://www.python.org/ftp/python/3.14.0/python-3.14.0b3-embed-win32.zip
https://www.python.org/downloads/windows,python-3.14.0b3-embed-arm64.zip,https://www.python.org/ftp/python/3.14.0/python-3.14.0b3-embed-arm64.zip
https://www.python.org/downloads/windows,python-3.14.0b2-embed-amd64.zip,https://www.python.org/ftp/python/3.14.0/python-3.14.0b2-embed-amd64.zip
https://www.python.org/downloads/windows,python-3.14.0b2-embed-win32.zip,https://www.python.org/ftp/python/3.14.0/python-3.14.0b2-embed-win32.zip
https://www.python.org/downloads/windows,python-3.14.0b2-embed-arm64.zip,https://www.python.org/ftp/python/3.14.0/python-3.14.0b2-embed-arm64.zip
https://www.python.org/downloads/windows,python-3.14.0b1-embed-amd64.zip,https://www.python.org/ftp/python/3.14.0/python-3.14.0b1-embed-amd64.zip
https://www.python.org/downloads/windows,python-3.14.0b1-embed-win32.zip,https://www.python.org/ftp/python/3.14.0/python-3.14.0b1-embed-win32.zip
https://www.python.org/downloads/windows,python-3.14.0b1-embed-arm64.zip,https://www.python.org/ftp/python/3.14.0/python-3.14.0b1-embed-arm64.zip
https://www.python.org/downloads/windows,python-3.14.0a7-embed-amd64.zip,https://www.python.org/ftp/python/3.14.0/python-3.14.0a7-embed-amd64.zip
https://www.python.org/downloads/windows,python-3.14.0a7-embed-win32.zip,https://www.python.org/ftp/python/3.14.0/python-3.14.0a7-embed-win32.zip
https://www.python.org/downloads/windows,python-3.14.0a7-embed-arm64.zip,https://www.python.org/ftp/python/3.14.0/python-3.14.0a7-embed-arm64.zip
https://www.python.org/downloads/windows,python-3.14.0a6-embed-amd64.zip,https://www.python.org/ftp/python/3.14.0/python-3.14.0a6-embed-amd64.zip
https://www.python.org/downloads/windows,python-3.14.0a6-embed-win32.zip,https://www.python.org/ftp/python/3.14.0/python-3.14.0a6-embed-win32.zip
https://www.python.org/downloads/windows,python-3.14.0a6-embed-arm64.zip,https://www.python.org/ftp/python/3.14.0/python-3.14.0a6-embed-arm64.zip
https://www.python.org/downloads/windows,python-3.14.0a5-embed-amd64.zip,https://www.python.org/ftp/python/3.14.0/python-3.14.0a5-embed-amd64.zip
https://www.python.org/downloads/windows,python-3.14.0a5-embed-win32.zip,https://www.python.org/ftp/python/3.14.0/python-3.14.0a5-embed-win32.zip
https://www.python.org/downloads/windows,python-3.14.0a5-embed-arm64.zip,https://www.python.org/ftp/python/3.14.0/python-3.14.0a5-embed-arm64.zip
https://www.python.org/downloads/windows,python-3.14.0a4-embed-amd64.zip,https://www.python.org/ftp/python/3.14.0/python-3.14.0a4-embed-amd64.zip
https://www.python.org/downloads/windows,python-3.14.0a4-embed-win32.zip,https://www.python.org/ftp/python/3.14.0/python-3.14.0a4-embed-win32.zip
https://www.python.org/downloads/windows,python-3.14.0a4-embed-arm64.zip,https://www.python.org/ftp/python/3.14.0/python-3.14.0a4-embed-arm64.zip
https://www.python.org/downloads/windows,python-3.14.0a3-embed-amd64.zip,https://www.python.org/ftp/python/3.14.0/python-3.14.0a3-embed-amd64.zip
https://www.python.org/downloads/windows,python-3.14.0a3-embed-win32.zip,https://www.python.org/ftp/python/3.14.0/python-3.14.0a3-embed-win32.zip
https://www.python.org/downloads/windows,python-3.14.0a3-embed-arm64.zip,https://www.python.org/ftp/python/3.14.0/python-3.14.0a3-embed-arm64.zip
https://www.python.org/downloads/windows,python-3.14.0a2-embed-amd64.zip,https://www.python.org/ftp/python/3.14.0/python-3.14.0a2-embed-amd64.zip
https://www.python.org/downloads/windows,python-3.14.0a2-embed-win32.zip,https://www.python.org/ftp/python/3.14.0/python-3.14.0a2-embed-win32.zip
https://www.python.org/downloads/windows,python-3.14.0a2-embed-arm64.zip,https://www.python.org/ftp/python/3.14.0/python-3.14.0a2-embed-arm64.zip
https://www.python.org/downloads/windows,python-3.14.0a1-embed-amd64.zip,https://www.python.org/ftp/python/3.14.0/python-3.14.0a1-embed-amd64.zip
https://www.python.org/downloads/windows,python-3.14.0a1-embed-win32.zip,https://www.python.org/ftp/python/3.14.0/python-3.14.0a1-embed-win32.zip
https://www.python.org/downloads/windows,python-3.14.0a1-embed-arm64.zip,https://www.python.org/ftp/python/3.14.0/python-3.14.0a1-embed-arm64.zip
https://www.python.org/downloads/windows,python-3.13.0rc3-embed-amd64.zip,https://www.python.org/ftp/python/3.13.0/python-3.13.0rc3-embed-amd64.zip
https://www.python.org/downloads/windows,python-3.13.0rc3-embed-win32.zip,https://www.python.org/ftp/python/3.13.0/python-3.13.0rc3-embed-win32.zip
https://www.python.org/downloads/windows,python-3.13.0rc3-embed-arm64.zip,https://www.python.org/ftp/python/3.13.0/python-3.13.0rc3-embed-arm64.zip
https://www.python.org/downloads/windows,python-3.13.0rc2-embed-amd64.zip,https://www.python.org/ftp/python/3.13.0/python-3.13.0rc2-embed-amd64.zip
https://www.python.org/downloads/windows,python-3.13.0rc2-embed-win32.zip,https://www.python.org/ftp/python/3.13.0/python-3.13.0rc2-embed-win32.zip
https://www.python.org/downloads/windows,python-3.13.0rc2-embed-arm64.zip,https://www.python.org/ftp/python/3.13.0/python-3.13.0rc2-embed-arm64.zip
https://www.python.org/downloads/windows,python-3.13.0rc1-embed-amd64.zip,https://www.python.org/ftp/python/3.13.0/python-3.13.0rc1-embed-amd64.zip
https://www.python.org/downloads/windows,python-3.13.0rc1-embed-win32.zip,https://www.python.org/ftp/python/3.13.0/python-3.13.0rc1-embed-win32.zip
https://www.python.org/downloads/windows,python-3.13.0rc1-embed-arm64.zip,https://www.python.org/ftp/python/3.13.0/python-3.13.0rc1-embed-arm64.zip
https://www.python.org/downloads/windows,python-3.13.0b4-embed-amd64.zip,https://www.python.org/ftp/python/3.13.0/python-3.13.0b4-embed-amd64.zip
https://www.python.org/downloads/windows,python-3.13.0b4-embed-win32.zip,https://www.python.org/ftp/python/3.13.0/python-3.13.0b4-embed-win32.zip
https://www.python.org/downloads/windows,python-3.13.0b4-embed-arm64.zip,https://www.python.org/ftp/python/3.13.0/python-3.13.0b4-embed-arm64.zip
https://www.python.org/downloads/windows,python-3.13.0b3-embed-amd64.zip,https://www.python.org/ftp/python/3.13.0/python-3.13.0b3-embed-amd64.zip
https://www.python.org/downloads/windows,python-3.13.0b3-embed-win32.zip,https://www.python.org/ftp/python/3.13.0/python-3.13.0b3-embed-win32.zip
https://www.python.org/downloads/windows,python-3.13.0b3-embed-arm64.zip,https://www.python.org/ftp/python/3.13.0/python-3.13.0b3-embed-arm64.zip
https://www.python.org/downloads/windows,python-3.13.0b2-embed-amd64.zip,https://www.python.org/ftp/python/3.13.0/python-3.13.0b2-embed-amd64.zip
https://www.python.org/downloads/windows,python-3.13.0b2-embed-win32.zip,https://www.python.org/ftp/python/3.13.0/python-3.13.0b2-embed-win32.zip
https://www.python.org/downloads/windows,python-3.13.0b2-embed-arm64.zip,https://www.python.org/ftp/python/3.13.0/python-3.13.0b2-embed-arm64.zip
https://www.python.org/downloads/windows,python-3.13.0b1-embed-amd64.zip,https://www.python.org/ftp/python/3.13.0/python-3.13.0b1-embed-amd64.zip
https://www.python.org/downloads/windows,python-3.13.0b1-embed-win32.zip,https://www.python.org/ftp/python/3.13.0/python-3.13.0b1-embed-win32.zip
https://www.python.org/downloads/windows,python-3.13.0b1-embed-arm64.zip,https://www.python.org/ftp/python/3.13.0/python-3.13.0b1-embed-arm64.zip
https://www.python.org/downloads/windows,python-3.13.0a6-embed-amd64.zip,https://www.python.org/ftp/python/3.13.0/python-3.13.0a6-embed-amd64.zip
https://www.python.org/downloads/windows,python-3.13.0a6-embed-win32.zip,https://www.python.org/ftp/python/3.13.0/python-3.13.0a6-embed-win32.zip
https://www.python.org/downloads/windows,python-3.13.0a6-embed-arm64.zip,https://www.python.org/ftp/python/3.13.0/python-3.13.0a6-embed-arm64.zip
https://www.python.org/downloads/windows,python-3.13.0a5-embed-amd64.zip,https://www.python.org/ftp/python/3.13.0/python-3.13.0a5-embed-amd64.zip
https://www.python.org/downloads/windows,python-3.13.0a5-embed-win32.zip,https://www.python.org/ftp/python/3.13.0/python-3.13.0a5-embed-win32.zip
https://www.python.org/downloads/windows,python-3.13.0a5-embed-arm64.zip,https://www.python.org/ftp/python/3.13.0/python-3.13.0a5-embed-arm64.zip
https://www.python.org/downloads/windows,python-3.13.0a4-embed-amd64.zip,https://www.python.org/ftp/python/3.13.0/python-3.13.0a4-embed-amd64.zip
https://www.python.org/downloads/windows,python-3.13.0a4-embed-win32.zip,https://www.python.org/ftp/python/3.13.0/python-3.13.0a4-embed-win32.zip
https://www.python.org/downloads/windows,python-3.13.0a4-embed-arm64.zip,https://www.python.org/ftp/python/3.13.0/python-3.13.0a4-embed-arm64.zip
https://www.python.org/downloads/windows,python-3.13.0a3-embed-amd64.zip,https://www.python.org/ftp/python/3.13.0/python-3.13.0a3-embed-amd64.zip
https://www.python.org/downloads/windows,python-3.13.0a3-embed-win32.zip,https://www.python.org/ftp/python/3.13.0/python-3.13.0a3-embed-win32.zip
https://www.python.org/downloads/windows,python-3.13.0a3-embed-arm64.zip,https://www.python.org/ftp/python/3.13.0/python-3.13.0a3-embed-arm64.zip
https://www.python.org/downloads/windows,python-3.13.0a2-embed-amd64.zip,https://www.python.org/ftp/python/3.13.0/python-3.13.0a2-embed-amd64.zip
https://www.python.org/downloads/windows,python-3.13.0a2-embed-win32.zip,https://www.python.org/ftp/python/3.13.0/python-3.13.0a2-embed-win32.zip
https://www.python.org/downloads/windows,python-3.13.0a2-embed-arm64.zip,https://www.python.org/ftp/python/3.13.0/python-3.13.0a2-embed-arm64.zip
https://www.python.org/downloads/windows,python-3.13.0a1-embed-amd64.zip,https://www.python.org/ftp/python/3.13.0/python-3.13.0a1-embed-amd64.zip
https://www.python.org/downloads/windows,python-3.13.0a1-embed-win32.zip,https://www.python.org/ftp/python/3.13.0/python-3.13.0a1-embed-win32.zip
https://www.python.org/downloads/windows,python-3.13.0a1-embed-arm64.zip,https://www.python.org/ftp/python/3.13.0/python-3.13.0a1-embed-arm64.zip
https://www.python.org/downloads/windows,python-3.12.0rc3-embed-amd64.zip,https://www.python.org/ftp/python/3.12.0/python-3.12.0rc3-embed-amd64.zip
https://www.python.org/downloads/windows,python-3.12.0rc3-embed-win32.zip,https://www.python.org/ftp/python/3.12.0/python-3.12.0rc3-embed-win32.zip
https://www.python.org/downloads/windows,python-3.12.0rc3-embed-arm64.zip,https://www.python.org/ftp/python/3.12.0/python-3.12.0rc3-embed-arm64.zip
https://www.python.org/downloads/windows,python-3.12.0rc2-embed-amd64.zip,https://www.python.org/ftp/python/3.12.0/python-3.12.0rc2-embed-amd64.zip
https://www.python.org/downloads/windows,python-3.12.0rc2-embed-win32.zip,https://www.python.org/ftp/python/3.12.0/python-3.12.0rc2-embed-win32.zip
https://www.python.org/downloads/windows,python-3.12.0rc2-embed-arm64.zip,https://www.python.org/ftp/python/3.12.0/python-3.12.0rc2-embed-arm64.zip
https://www.python.org/downloads/windows,python-3.12.0rc1-embed-amd64.zip,https://www.python.org/ftp/python/3.12.0/python-3.12.0rc1-embed-amd64.zip
https://www.python.org/downloads/windows,python-3.12.0rc1-embed-win32.zip,https://www.python.org/ftp/python/3.12.0/python-3.12.0rc1-embed-win32.zip
https://www.python.org/downloads/windows,python-3.12.0rc1-embed-arm64.zip,https://www.python.org/ftp/python/3.12.0/python-3.12.0rc1-embed-arm64.zip
https://www.python.org/downloads/windows,python-3.12.0b4-embed-amd64.zip,https://www.python.org/ftp/python/3.12.0/python-3.12.0b4-embed-amd64.zip
https://www.python.org/downloads/windows,python-3.12.0b4-embed-win32.zip,https://www.python.org/ftp/python/3.12.0/python-3.12.0b4-embed-win32.zip
https://www.python.org/downloads/windows,python-3.12.0b4-embed-arm64.zip,https://www.python.org/ftp/python/3.12.0/python-3.12.0b4-embed-arm64.zip
https://www.python.org/downloads/windows,python-3.12.0b3-embed-amd64.zip,https://www.python.org/ftp/python/3.12.0/python-3.12.0b3-embed-amd64.zip
https://www.python.org/downloads/windows,python-3.12.0b3-embed-win32.zip,https://www.python.org/ftp/python/3.12.0/python-3.12.0b3-embed-win32.zip
https://www.python.org/downloads/windows,python-3.12.0b3-embed-arm64.zip,https://www.python.org/ftp/python/3.12.0/python-3.12.0b3-embed-arm64.zip
https://www.python.org/downloads/windows,python-3.12.0b2-embed-amd64.zip,https://www.python.org/ftp/python/3.12.0/python-3.12.0b2-embed-amd64.zip
https://www.python.org/downloads/windows,python-3.12.0b2-embed-win32.zip,https://www.python.org/ftp/python/3.12.0/python-3.12.0b2-embed-win32.zip
https://www.python.org/downloads/windows,python-3.12.0b2-embed-arm64.zip,https://www.python.org/ftp/python/3.12.0/python-3.12.0b2-embed-arm64.zip
https://www.python.org/downloads/windows,python-3.12.0b1-embed-amd64.zip,https://www.python.org/ftp/python/3.12.0/python-3.12.0b1-embed-amd64.zip
https://www.python.org/downloads/windows,python-3.12.0b1-embed-win32.zip,https://www.python.org/ftp/python/3.12.0/python-3.12.0b1-embed-win32.zip
https://www.python.org/downloads/windows,python-3.12.0b1-embed-arm64.zip,https://www.python.org/ftp/python/3.12.0/python-3.12.0b1-embed-arm64.zip
https://www.python.org/downloads/windows,python-3.12.0a7-embed-amd64.zip,https://www.python.org/ftp/python/3.12.0/python-3.12.0a7-embed-amd64.zip
https://www.python.org/downloads/windows,python-3.12.0a7-embed-win32.zip,https://www.python.org/ftp/python/3.12.0/python-3.12.0a7-embed-win32.zip
https://www.python.org/downloads/windows,python-3.12.0a7-embed-arm64.zip,https://www.python.org/ftp/python/3.12.0/python-3.12.0a7-embed-arm64.zip
https://www.python.org/downloads/windows,python-3.12.0a6-embed-amd64.zip,https://www.python.org/ftp/python/3.12.0/python-3.12.0a6-embed-amd64.zip
https://www.python.org/downloads/windows,python-3.12.0a6-embed-win32.zip,https://www.python.org/ftp/python/3.12.0/python-3.12.0a6-embed-win32.zip
https://www.python.org/downloads/windows,python-3.12.0a6-embed-arm64.zip,https://www.python.org/ftp/python/3.12.0/python-3.12.0a6-embed-arm64.zip
https://www.python.org/downloads/windows,python-3.12.0a5-embed-amd64.zip,https://www.python.org/ftp/python/3.12.0/python-3.12.0a5-embed-amd64.zip
https://www.python.org/downloads/windows,python-3.12.0a5-embed-win32.zip,https://www.python.org/ftp/python/3.12.0/python-3.12.0a5-embed-win32.zip
https://www.python.org/downloads/windows,python-3.12.0a5-embed-arm64.zip,https://www.python.org/ftp/python/3.12.0/python-3.12.0a5-embed-arm64.zip
https://www.python.org/downloads/windows,python-3.12.0a4-embed-amd64.zip,https://www.python.org/ftp/python/3.12.0/python-3.12.0a4-embed-amd64.zip
https://www.python.org/downloads/windows,python-3.12.0a4-embed-win32.zip,https://www.python.org/ftp/python/3.12.0/python-3.12.0a4-embed-win32.zip
https://www.python.org/downloads/windows,python-3.12.0a4-embed-arm64.zip,https://www.python.org/ftp/python/3.12.0/python-3.12.0a4-embed-arm64.zip
https://www.python.org/downloads/windows,python-3.12.0a3-embed-amd64.zip,https://www.python.org/ftp/python/3.12.0/python-3.12.0a3-embed-amd64.zip
https://www.python.org/downloads/windows,python-3.12.0a3-embed-win32.zip,https://www.python.org/ftp/python/3.12.0/python-3.12.0a3-embed-win32.zip
https://www.python.org/downloads/windows,python-3.12.0a3-embed-arm64.zip,https://www.python.org/ftp/python/3.12.0/python-3.12.0a3-embed-arm64.zip
https://www.python.org/downloads/windows,python-3.12.0a2-embed-amd64.zip,https://www.python.org/ftp/python/3.12.0/python-3.12.0a2-embed-amd64.zip
https://www.python.org/downloads/windows,python-3.12.0a2-embed-win32.zip,https://www.python.org/ftp/python/3.12.0/python-3.12.0a2-embed-win32.zip
https://www.python.org/downloads/windows,python-3.12.0a2-embed-arm64.zip,https://www.python.org/ftp/python/3.12.0/python-3.12.0a2-embed-arm64.zip
https://www.python.org/downloads/windows,python-3.12.0a1-embed-amd64.zip,https://www.python.org/ftp/python/3.12.0/python-3.12.0a1-embed-amd64.zip
https://www.python.org/downloads/windows,python-3.12.0a1-embed-win32.zip,https://www.python.org/ftp/python/3.12.0/python-3.12.0a1-embed-win32.zip
https://www.python.org/downloads/windows,python-3.12.0a1-embed-arm64.zip,https://www.python.org/ftp/python/3.12.0/python-3.12.0a1-embed-arm64.zip
https://www.python.org/downloads/windows,python-3.11.0rc2-embed-amd64.zip,https://www.python.org/ftp/python/3.11.0/python-3.11.0rc2-embed-amd64.zip
https://www.python.org/downloads/windows,python-3.11.0rc2-embed-win32.zip,https://www.python.org/ftp/python/3.11.0/python-3.11.0rc2-embed-win32.zip
https://www.python.org/downloads/windows,python-3.11.0rc2-embed-arm64.zip,https://www.python.org/ftp/python/3.11.0/python-3.11.0rc2-embed-arm64.zip
https://www.python.org/downloads/windows,python-3.11.0rc1-embed-amd64.zip,https://www.python.org/ftp/python/3.11.0/python-3.11.0rc1-embed-amd64.zip
https://www.python.org/downloads/windows,python-3.11.0rc1-embed-win32.zip,https://www.python.org/ftp/python/3.11.0/python-3.11.0rc1-embed-win32.zip
https://www.python.org/downloads/windows,python-3.11.0rc1-embed-arm64.zip,https://www.python.org/ftp/python/3.11.0/python-3.11.0rc1-embed-arm64.zip
https://www.python.org/downloads/windows,python-3.11.0b5-embed-amd64.zip,https://www.python.org/ftp/python/3.11.0/python-3.11.0b5-embed-amd64.zip
https://www.python.org/downloads/windows,python-3.11.0b5-embed-win32.zip,https://www.python.org/ftp/python/3.11.0/python-3.11.0b5-embed-win32.zip
https://www.python.org/downloads/windows,python-3.11.0b5-embed-arm64.zip,https://www.python.org/ftp/python/3.11.0/python-3.11.0b5-embed-arm64.zip
https://www.python.org/downloads/windows,python-3.11.0b4-embed-amd64.zip,https://www.python.org/ftp/python/3.11.0/python-3.11.0b4-embed-amd64.zip
https://www.python.org/downloads/windows,python-3.11.0b4-embed-win32.zip,https://www.python.org/ftp/python/3.11.0/python-3.11.0b4-embed-win32.zip
https://www.python.org/downloads/windows,python-3.11.0b4-embed-arm64.zip,https://www.python.org/ftp/python/3.11.0/python-3.11.0b4-embed-arm64.zip
https://www.python.org/downloads/windows,python-3.11.0b3-embed-amd64.zip,https://www.python.org/ftp/python/3.11.0/python-3.11.0b3-embed-amd64.zip
https://www.python.org/downloads/windows,python-3.11.0b3-embed-win32.zip,https://www.python.org/ftp/python/3.11.0/python-3.11.0b3-embed-win32.zip
https://www.python.org/downloads/windows,python-3.11.0b3-embed-arm64.zip,https://www.python.org/ftp/python/3.11.0/python-3.11.0b3-embed-arm64.zip
https://www.python.org/downloads/windows,python-3.11.0b2-embed-amd64.zip,https://www.python.org/ftp/python/3.11.0/python-3.11.0b2-embed-amd64.zip
https://www.python.org/downloads/windows,python-3.11.0b2-embed-win32.zip,https://www.python.org/ftp/python/3.11.0/python-3.11.0b2-embed-win32.zip
https://www.python.org/downloads/windows,python-3.11.0b2-embed-arm64.zip,https://www.python.org/ftp/python/3.11.0/python-3.11.0b2-embed-arm64.zip
https://www.python.org/downloads/windows,python-3.11.0b1-embed-amd64.zip,https://www.python.org/ftp/python/3.11.0/python-3.11.0b1-embed-amd64.zip
https://www.python.org/downloads/windows,python-3.11.0b1-embed-win32.zip,https://www.python.org/ftp/python/3.11.0/python-3.11.0b1-embed-win32.zip
https://www.python.org/downloads/windows,python-3.11.0b1-embed-arm64.zip,https://www.python.org/ftp/python/3.11.0/python-3.11.0b1-embed-arm64.zip
https://www.python.org/downloads/windows,python-3.11.0a7-embed-amd64.zip,https://www.python.org/ftp/python/3.11.0/python-3.11.0a7-embed-amd64.zip
https://www.python.org/downloads/windows,python-3.11.0a7-embed-win32.zip,https://www.python.org/ftp/python/3.11.0/python-3.11.0a7-embed-win32.zip
https://www.python.org/downloads/windows,python-3.11.0a7-embed-arm64.zip,https://www.python.org/ftp/python/3.11.0/python-3.11.0a7-embed-arm64.zip
https://www.python.org/downloads/windows,python-3.11.0a6-embed-amd64.zip,https://www.python.org/ftp/python/3.11.0/python-3.11.0a6-embed-amd64.zip
https://www.python.org/downloads/windows,python-3.11.0a6-embed-win32.zip,https://www.python.org/ftp/python/3.11.0/python-3.11.0a6-embed-win32.zip
https://www.python.org/downloads/windows,python-3.11.0a5-embed-amd64.zip,https://www.python.org/ftp/python/3.11.0/python-3.11.0a5-embed-amd64.zip
https://www.python.org/downloads/windows,python-3.11.0a5-embed-win32.zip,https://www.python.org/ftp/python/3.11.0/python-3.11.0a5-embed-win32.zip
https://www.python.org/downloads/windows,python-3.11.0a4-embed-amd64.zip,https://www.python.org/ftp/python/3.11.0/python-3.11.0a4-embed-amd64.zip
https://www.python.org/downloads/windows,python-3.11.0a4-embed-win32.zip,https://www.python.org/ftp/python/3.11.0/python-3.11.0a4-embed-win32.zip
https://www.python.org/downloads/windows,python-3.11.0a3-embed-amd64.zip,https://www.python.org/ftp/python/3.11.0/python-3.11.0a3-embed-amd64.zip
https://www.python.org/downloads/windows,python-3.11.0a3-embed-win32.zip,https://www.python.org/ftp/python/3.11.0/python-3.11.0a3-embed-win32.zip
https://www.python.org/downloads/windows,python-3.11.0a2-embed-amd64.zip,https://www.python.org/ftp/python/3.11.0/python-3.11.0a2-embed-amd64.zip
https://www.python.org/downloads/windows,python-3.11.0a2-embed-win32.zip,https://www.python.org/ftp/python/3.11.0/python-3.11.0a2-embed-win32.zip
https://www.python.org/downloads/windows,python-3.11.0a1-embed-amd64.zip,https://www.python.org/ftp/python/3.11.0/python-3.11.0a1-embed-amd64.zip
https://www.python.org/downloads/windows,python-3.11.0a1-embed-win32.zip,https://www.python.org/ftp/python/3.11.0/python-3.11.0a1-embed-win32.zip
https://www.python.org/downloads/windows,python-3.10.0rc2-embed-amd64.zip,https://www.python.org/ftp/python/3.10.0/python-3.10.0rc2-embed-amd64.zip
https://www.python.org/downloads/windows,python-3.10.0rc2-embed-win32.zip,https://www.python.org/ftp/python/3.10.0/python-3.10.0rc2-embed-win32.zip
https://www.python.org/downloads/windows,python-3.10.0rc1-embed-amd64.zip,https://www.python.org/ftp/python/3.10.0/python-3.10.0rc1-embed-amd64.zip
https://www.python.org/downloads/windows,python-3.10.0rc1-embed-win32.zip,https://www.python.org/ftp/python/3.10.0/python-3.10.0rc1-embed-win32.zip
https://www.python.org/downloads/windows,python-3.10.0b4-embed-amd64.zip,https://www.python.org/ftp/python/3.10.0/python-3.10.0b4-embed-amd64.zip
https://www.python.org/downloads/windows,python-3.10.0b4-embed-win32.zip,https://www.python.org/ftp/python/3.10.0/python-3.10.0b4-embed-win32.zip
https://www.python.org/downloads/windows,python-3.10.0b3-embed-amd64.zip,https://www.python.org/ftp/python/3.10.0/python-3.10.0b3-embed-amd64.zip
https://www.python.org/downloads/windows,python-3.10.0b3-embed-win32.zip,https://www.python.org/ftp/python/3.10.0/python-3.10.0b3-embed-win32.zip
https://www.python.org/downloads/windows,python-3.10.0b2-embed-amd64.zip,https://www.python.org/ftp/python/3.10.0/python-3.10.0b2-embed-amd64.zip
https://www.python.org/downloads/windows,python-3.10.0b2-embed-win32.zip,https://www.python.org/ftp/python/3.10.0/python-3.10.0b2-embed-win32.zip
https://www.python.org/downloads/windows,python-3.10.0b1-embed-amd64.zip,https://www.python.org/ftp/python/3.10.0/python-3.10.0b1-embed-amd64.zip
https://www.python.org/downloads/windows,python-3.10.0b1-embed-win32.zip,https://www.python.org/ftp/python/3.10.0/python-3.10.0b1-embed-win32.zip
https://www.python.org/downloads/windows,python-3.10.0a7-embed-amd64.zip,https://www.python.org/ftp/python/3.10.0/python-3.10.0a7-embed-amd64.zip
https://www.python.org/downloads/windows,python-3.10.0a7-embed-win32.zip,https://www.python.org/ftp/python/3.10.0/python-3.10.0a7-embed-win32.zip
https://www.python.org/downloads/windows,python-3.10.0a6-embed-amd64.zip,https://www.python.org/ftp/python/3.10.0/python-3.10.0a6-embed-amd64.zip
https://www.python.org/downloads/windows,python-3.10.0a6-embed-win32.zip,https://www.python.org/ftp/python/3.10.0/python-3.10.0a6-embed-win32.zip
https://www.python.org/downloads/windows,python-3.9.2rc1-embed-amd64.zip,https://www.python.org/ftp/python/3.9.2/python-3.9.2rc1-embed-amd64.zip
https://www.python.org/downloads/windows,python-3.9.2rc1-embed-win32.zip,https://www.python.org/ftp/python/3.9.2/python-3.9.2rc1-embed-win32.zip
https://www.python.org/downloads/windows,python-3.8.8rc1-embed-amd64.zip,https://www.python.org/ftp/python/3.8.8/python-3.8.8rc1-embed-amd64.zip
https://www.python.org/downloads/windows,python-3.8.8rc1-embed-win32.zip,https://www.python.org/ftp/python/3.8.8/python-3.8.8rc1-embed-win32.zip
https://www.python.org/downloads/windows,python-3.10.0a5-embed-amd64.zip,https://www.python.org/ftp/python/3.10.0/python-3.10.0a5-embed-amd64.zip
https://www.python.org/downloads/windows,python-3.10.0a5-embed-win32.zip,https://www.python.org/ftp/python/3.10.0/python-3.10.0a5-embed-win32.zip
https://www.python.org/downloads/windows,python-3.10.0a4-embed-amd64.zip,https://www.python.org/ftp/python/3.10.0/python-3.10.0a4-embed-amd64.zip
https://www.python.org/downloads/windows,python-3.10.0a4-embed-win32.zip,https://www.python.org/ftp/python/3.10.0/python-3.10.0a4-embed-win32.zip
https://www.python.org/downloads/windows,python-3.8.7rc1-embed-amd64.zip,https://www.python.org/ftp/python/3.8.7/python-3.8.7rc1-embed-amd64.zip
https://www.python.org/downloads/windows,python-3.8.7rc1-embed-win32.zip,https://www.python.org/ftp/python/3.8.7/python-3.8.7rc1-embed-win32.zip
https://www.python.org/downloads/windows,python-3.10.0a3-embed-amd64.zip,https://www.python.org/ftp/python/3.10.0/python-3.10.0a3-embed-amd64.zip
https://www.python.org/downloads/windows,python-3.10.0a3-embed-win32.zip,https://www.python.org/ftp/python/3.10.0/python-3.10.0a3-embed-win32.zip
https://www.python.org/downloads/windows,python-3.9.1rc1-embed-amd64.zip,https://www.python.org/ftp/python/3.9.1/python-3.9.1rc1-embed-amd64.zip
https://www.python.org/downloads/windows,python-3.9.1rc1-embed-win32.zip,https://www.python.org/ftp/python/3.9.1/python-3.9.1rc1-embed-win32.zip
https://www.python.org/downloads/windows,python-3.10.0a2-embed-win32.zip,https://www.python.org/ftp/python/3.10.0/python-3.10.0a2-embed-win32.zip
https://www.python.org/downloads/windows,python-3.10.0a2-embed-amd64.zip,https://www.python.org/ftp/python/3.10.0/python-3.10.0a2-embed-amd64.zip
https://www.python.org/downloads/windows,python-3.10.0a1-embed-win32.zip,https://www.python.org/ftp/python/3.10.0/python-3.10.0a1-embed-win32.zip
https://www.python.org/downloads/windows,python-3.10.0a1-embed-amd64.zip,https://www.python.org/ftp/python/3.10.0/python-3.10.0a1-embed-amd64.zip
https://www.python.org/downloads/windows,python-3.9.0rc2-embed-win32.zip,https://www.python.org/ftp/python/3.9.0/python-3.9.0rc2-embed-win32.zip
https://www.python.org/downloads/windows,python-3.9.0rc2-embed-amd64.zip,https://www.python.org/ftp/python/3.9.0/python-3.9.0rc2-embed-amd64.zip
https://www.python.org/downloads/windows,python-3.9.0rc1-embed-win32.zip,https://www.python.org/ftp/python/3.9.0/python-3.9.0rc1-embed-win32.zip
https://www.python.org/downloads/windows,python-3.9.0rc1-embed-amd64.zip,https://www.python.org/ftp/python/3.9.0/python-3.9.0rc1-embed-amd64.zip
https://www.python.org/downloads/windows,python-3.9.0b5-embed-win32.zip,https://www.python.org/ftp/python/3.9.0/python-3.9.0b5-embed-win32.zip
https://www.python.org/downloads/windows,python-3.9.0b5-embed-amd64.zip,https://www.python.org/ftp/python/3.9.0/python-3.9.0b5-embed-amd64.zip
https://www.python.org/downloads/windows,python-3.9.0b4-embed-win32.zip,https://www.python.org/ftp/python/3.9.0/python-3.9.0b4-embed-win32.zip
https://www.python.org/downloads/windows,python-3.9.0b4-embed-amd64.zip,https://www.python.org/ftp/python/3.9.0/python-3.9.0b4-embed-amd64.zip
https://www.python.org/downloads/windows,python-3.7.8rc1-embed-win32.zip,https://www.python.org/ftp/python/3.7.8/python-3.7.8rc1-embed-win32.zip
https://www.python.org/downloads/windows,python-3.7.8rc1-embed-amd64.zip,https://www.python.org/ftp/python/3.7.8/python-3.7.8rc1-embed-amd64.zip
https://www.python.org/downloads/windows,python-3.9.0b3-embed-win32.zip,https://www.python.org/ftp/python/3.9.0/python-3.9.0b3-embed-win32.zip
https://www.python.org/downloads/windows,python-3.9.0b3-embed-amd64.zip,https://www.python.org/ftp/python/3.9.0/python-3.9.0b3-embed-amd64.zip
https://www.python.org/downloads/windows,python-3.9.0b2-embed-win32.zip,https://www.python.org/ftp/python/3.9.0/python-3.9.0b2-embed-win32.zip
https://www.python.org/downloads/windows,python-3.9.0b2-embed-amd64.zip,https://www.python.org/ftp/python/3.9.0/python-3.9.0b2-embed-amd64.zip
https://www.python.org/downloads/windows,python-3.9.0b1-embed-win32.zip,https://www.python.org/ftp/python/3.9.0/python-3.9.0b1-embed-win32.zip
https://www.python.org/downloads/windows,python-3.9.0b1-embed-amd64.zip,https://www.python.org/ftp/python/3.9.0/python-3.9.0b1-embed-amd64.zip
https://www.python.org/downloads/windows,python-3.9.0a6-embed-win32.zip,https://www.python.org/ftp/python/3.9.0/python-3.9.0a6-embed-win32.zip
https://www.python.org/downloads/windows,python-3.9.0a6-embed-amd64.zip,https://www.python.org/ftp/python/3.9.0/python-3.9.0a6-embed-amd64.zip
https://www.python.org/downloads/windows,python-2.7.18rc1-pdb.zip,https://www.python.org/ftp/python/2.7.18/python-2.7.18rc1-pdb.zip
https://www.python.org/downloads/windows,python-2.7.18rc1.amd64-pdb.zip,https://www.python.org/ftp/python/2.7.18/python-2.7.18rc1.amd64-pdb.zip
https://www.python.org/downloads/windows,python-3.9.0a5-embed-win32.zip,https://www.python.org/ftp/python/3.9.0/python-3.9.0a5-embed-win32.zip
https://www.python.org/downloads/windows,python-3.9.0a5-embed-amd64.zip,https://www.python.org/ftp/python/3.9.0/python-3.9.0a5-embed-amd64.zip
https://www.python.org/downloads/windows,python-3.7.7rc1-embed-win32.zip,https://www.python.org/ftp/python/3.7.7/python-3.7.7rc1-embed-win32.zip
https://www.python.org/downloads/windows,python-3.7.7rc1-embed-amd64.zip,https://www.python.org/ftp/python/3.7.7/python-3.7.7rc1-embed-amd64.zip
https://www.python.org/downloads/windows,python-3.9.0a4-embed-win32.zip,https://www.python.org/ftp/python/3.9.0/python-3.9.0a4-embed-win32.zip
https://www.python.org/downloads/windows,python-3.9.0a4-embed-amd64.zip,https://www.python.org/ftp/python/3.9.0/python-3.9.0a4-embed-amd64.zip
https://www.python.org/downloads/windows,python-3.8.2rc2-embed-win32.zip,https://www.python.org/ftp/python/3.8.2/python-3.8.2rc2-embed-win32.zip
https://www.python.org/downloads/windows,python-3.8.2rc2-embed-amd64.zip,https://www.python.org/ftp/python/3.8.2/python-3.8.2rc2-embed-amd64.zip
https://www.python.org/downloads/windows,python-3.8.2rc1-embed-win32.zip,https://www.python.org/ftp/python/3.8.2/python-3.8.2rc1-embed-win32.zip
https://www.python.org/downloads/windows,python-3.8.2rc1-embed-amd64.zip,https://www.python.org/ftp/python/3.8.2/python-3.8.2rc1-embed-amd64.zip
https://www.python.org/downloads/windows,python-3.9.0a3-embed-win32.zip,https://www.python.org/ftp/python/3.9.0/python-3.9.0a3-embed-win32.zip
https://www.python.org/downloads/windows,python-3.9.0a3-embed-amd64.zip,https://www.python.org/ftp/python/3.9.0/python-3.9.0a3-embed-amd64.zip
https://www.python.org/downloads/windows,python-3.9.0a2-embed-win32.zip,https://www.python.org/ftp/python/3.9.0/python-3.9.0a2-embed-win32.zip
https://www.python.org/downloads/windows,python-3.9.0a2-embed-amd64.zip,https://www.python.org/ftp/python/3.9.0/python-3.9.0a2-embed-amd64.zip
https://www.python.org/downloads/windows,python-3.7.6rc1-embed-win32.zip,https://www.python.org/ftp/python/3.7.6/python-3.7.6rc1-embed-win32.zip
https://www.python.org/downloads/windows,python-3.7.6rc1-embed-amd64.zip,https://www.python.org/ftp/python/3.7.6/python-3.7.6rc1-embed-amd64.zip
https://www.python.org/downloads/windows,python-3.8.1rc1-embed-win32.zip,https://www.python.org/ftp/python/3.8.1/python-3.8.1rc1-embed-win32.zip
https://www.python.org/downloads/windows,python-3.8.1rc1-embed-amd64.zip,https://www.python.org/ftp/python/3.8.1/python-3.8.1rc1-embed-amd64.zip
https://www.python.org/downloads/windows,python-3.9.0a1-embed-win32.zip,https://www.python.org/ftp/python/3.9.0/python-3.9.0a1-embed-win32.zip
https://www.python.org/downloads/windows,python-3.9.0a1-embed-amd64.zip,https://www.python.org/ftp/python/3.9.0/python-3.9.0a1-embed-amd64.zip
https://www.python.org/downloads/windows,python-2.7.17rc1-pdb.zip,https://www.python.org/ftp/python/2.7.17/python-2.7.17rc1-pdb.zip
https://www.python.org/downloads/windows,python-2.7.17rc1.amd64-pdb.zip,https://www.python.org/ftp/python/2.7.17/python-2.7.17rc1.amd64-pdb.zip
https://www.python.org/downloads/windows,python-3.7.5rc1-embed-win32.zip,https://www.python.org/ftp/python/3.7.5/python-3.7.5rc1-embed-win32.zip
https://www.python.org/downloads/windows,python-3.7.5rc1-embed-amd64.zip,https://www.python.org/ftp/python/3.7.5/python-3.7.5rc1-embed-amd64.zip
https://www.python.org/downloads/windows,python-3.8.0rc1-embed-win32.zip,https://www.python.org/ftp/python/3.8.0/python-3.8.0rc1-embed-win32.zip
https://www.python.org/downloads/windows,python-3.8.0rc1-embed-amd64.zip,https://www.python.org/ftp/python/3.8.0/python-3.8.0rc1-embed-amd64.zip
https://www.python.org/downloads/windows,python-3.8.0b4-embed-win32.zip,https://www.python.org/ftp/python/3.8.0/python-3.8.0b4-embed-win32.zip
https://www.python.org/downloads/windows,python-3.8.0b4-embed-amd64.zip,https://www.python.org/ftp/python/3.8.0/python-3.8.0b4-embed-amd64.zip
https://www.python.org/downloads/windows,python-3.8.0b3-embed-win32.zip,https://www.python.org/ftp/python/3.8.0/python-3.8.0b3-embed-win32.zip
https://www.python.org/downloads/windows,python-3.8.0b3-embed-amd64.zip,https://www.python.org/ftp/python/3.8.0/python-3.8.0b3-embed-amd64.zip
https://www.python.org/downloads/windows,python-3.8.0b2-embed-win32.zip,https://www.python.org/ftp/python/3.8.0/python-3.8.0b2-embed-win32.zip
https://www.python.org/downloads/windows,python-3.8.0b2-embed-amd64.zip,https://www.python.org/ftp/python/3.8.0/python-3.8.0b2-embed-amd64.zip
https://www.python.org/downloads/windows,python-3.7.4rc1-embed-win32.zip,https://www.python.org/ftp/python/3.7.4/python-3.7.4rc1-embed-win32.zip
https://www.python.org/downloads/windows,python-3.7.4rc1-embed-amd64.zip,https://www.python.org/ftp/python/3.7.4/python-3.7.4rc1-embed-amd64.zip
https://www.python.org/downloads/windows,python-3.8.0b1-embed-win32.zip,https://www.python.org/ftp/python/3.8.0/python-3.8.0b1-embed-win32.zip
https://www.python.org/downloads/windows,python-3.8.0b1-embed-amd64.zip,https://www.python.org/ftp/python/3.8.0/python-3.8.0b1-embed-amd64.zip
https://www.python.org/downloads/windows,python-3.8.0a4-embed-win32.zip,https://www.python.org/ftp/python/3.8.0/python-3.8.0a4-embed-win32.zip
https://www.python.org/downloads/windows,python-3.8.0a4-embed-amd64.zip,https://www.python.org/ftp/python/3.8.0/python-3.8.0a4-embed-amd64.zip
https://www.python.org/downloads/windows,python-3.8.0a3-embed-win32.zip,https://www.python.org/ftp/python/3.8.0/python-3.8.0a3-embed-win32.zip
https://www.python.org/downloads/windows,python-3.8.0a3-embed-amd64.zip,https://www.python.org/ftp/python/3.8.0/python-3.8.0a3-embed-amd64.zip
https://www.python.org/downloads/windows,python-3.7.3rc1-embed-win32.zip,https://www.python.org/ftp/python/3.7.3/python-3.7.3rc1-embed-win32.zip
https://www.python.org/downloads/windows,python-3.7.3rc1-embed-amd64.zip,https://www.python.org/ftp/python/3.7.3/python-3.7.3rc1-embed-amd64.zip
https://www.python.org/downloads/windows,python-3.8.0a2-embed-win32.zip,https://www.python.org/ftp/python/3.8.0/python-3.8.0a2-embed-win32.zip
https://www.python.org/downloads/windows,python-3.8.0a2-embed-amd64.zip,https://www.python.org/ftp/python/3.8.0/python-3.8.0a2-embed-amd64.zip
https://www.python.org/downloads/windows,python-2.7.16rc1-pdb.zip,https://www.python.org/ftp/python/2.7.16/python-2.7.16rc1-pdb.zip
https://www.python.org/downloads/windows,python-2.7.16rc1.amd64-pdb.zip,https://www.python.org/ftp/python/2.7.16/python-2.7.16rc1.amd64-pdb.zip
https://www.python.org/downloads/windows,python-3.8.0a1-embed-win32.zip,https://www.python.org/ftp/python/3.8.0/python-3.8.0a1-embed-win32.zip
https://www.python.org/downloads/windows,python-3.8.0a1-embed-amd64.zip,https://www.python.org/ftp/python/3.8.0/python-3.8.0a1-embed-amd64.zip
https://www.python.org/downloads/windows,python-3.7.2rc1-embed-win32.zip,https://www.python.org/ftp/python/3.7.2/python-3.7.2rc1-embed-win32.zip
https://www.python.org/downloads/windows,python-3.7.2rc1-embed-amd64.zip,https://www.python.org/ftp/python/3.7.2/python-3.7.2rc1-embed-amd64.zip
https://www.python.org/downloads/windows,python-3.6.8rc1-embed-win32.zip,https://www.python.org/ftp/python/3.6.8/python-3.6.8rc1-embed-win32.zip
https://www.python.org/downloads/windows,python-3.6.8rc1-embed-amd64.zip,https://www.python.org/ftp/python/3.6.8/python-3.6.8rc1-embed-amd64.zip
https://www.python.org/downloads/windows,python-3.7.1rc2-embed-win32.zip,https://www.python.org/ftp/python/3.7.1/python-3.7.1rc2-embed-win32.zip
https://www.python.org/downloads/windows,python-3.7.1rc2-embed-amd64.zip,https://www.python.org/ftp/python/3.7.1/python-3.7.1rc2-embed-amd64.zip
https://www.python.org/downloads/windows,python-3.6.7rc2-embed-win32.zip,https://www.python.org/ftp/python/3.6.7/python-3.6.7rc2-embed-win32.zip
https://www.python.org/downloads/windows,python-3.6.7rc2-embed-amd64.zip,https://www.python.org/ftp/python/3.6.7/python-3.6.7rc2-embed-amd64.zip
https://www.python.org/downloads/windows,python-3.7.1rc1-embed-win32.zip,https://www.python.org/ftp/python/3.7.1/python-3.7.1rc1-embed-win32.zip
https://www.python.org/downloads/windows,python-3.7.1rc1-embed-amd64.zip,https://www.python.org/ftp/python/3.7.1/python-3.7.1rc1-embed-amd64.zip
https://www.python.org/downloads/windows,python-3.6.7rc1-embed-win32.zip,https://www.python.org/ftp/python/3.6.7/python-3.6.7rc1-embed-win32.zip
https://www.python.org/downloads/windows,python-3.6.7rc1-embed-amd64.zip,https://www.python.org/ftp/python/3.6.7/python-3.6.7rc1-embed-amd64.zip
https://www.python.org/downloads/windows,python-3.6.6rc1-embed-win32.zip,https://www.python.org/ftp/python/3.6.6/python-3.6.6rc1-embed-win32.zip
https://www.python.org/downloads/windows,python-3.6.6rc1-embed-amd64.zip,https://www.python.org/ftp/python/3.6.6/python-3.6.6rc1-embed-amd64.zip
https://www.python.org/downloads/windows,python-3.7.0rc1-embed-win32.zip,https://www.python.org/ftp/python/3.7.0/python-3.7.0rc1-embed-win32.zip
https://www.python.org/downloads/windows,python-3.7.0rc1-embed-amd64.zip,https://www.python.org/ftp/python/3.7.0/python-3.7.0rc1-embed-amd64.zip
https://www.python.org/downloads/windows,python-3.7.0b5-embed-win32.zip,https://www.python.org/ftp/python/3.7.0/python-3.7.0b5-embed-win32.zip
https://www.python.org/downloads/windows,python-3.7.0b5-embed-amd64.zip,https://www.python.org/ftp/python/3.7.0/python-3.7.0b5-embed-amd64.zip
https://www.python.org/downloads/windows,python-2.7.15rc1-pdb.zip,https://www.python.org/ftp/python/2.7.15/python-2.7.15rc1-pdb.zip
https://www.python.org/downloads/windows,python-2.7.15rc1.amd64-pdb.zip,https://www.python.org/ftp/python/2.7.15/python-2.7.15rc1.amd64-pdb.zip
https://www.python.org/downloads/windows,python-3.6.5rc1-embed-win32.zip,https://www.python.org/ftp/python/3.6.5/python-3.6.5rc1-embed-win32.zip
https://www.python.org/downloads/windows,python-3.6.5rc1-embed-amd64.zip,https://www.python.org/ftp/python/3.6.5/python-3.6.5rc1-embed-amd64.zip
https://www.python.org/downloads/windows,python-3.7.0b2-embed-win32.zip,https://www.python.org/ftp/python/3.7.0/python-3.7.0b2-embed-win32.zip
https://www.python.org/downloads/windows,python-3.7.0b2-embed-amd64.zip,https://www.python.org/ftp/python/3.7.0/python-3.7.0b2-embed-amd64.zip
https://www.python.org/downloads/windows,python-3.7.0b1-embed-win32.zip,https://www.python.org/ftp/python/3.7.0/python-3.7.0b1-embed-win32.zip
https://www.python.org/downloads/windows,python-3.7.0b1-embed-amd64.zip,https://www.python.org/ftp/python/3.7.0/python-3.7.0b1-embed-amd64.zip
https://www.python.org/downloads/windows,python-3.7.0a4-embed-win32.zip,https://www.python.org/ftp/python/3.7.0/python-3.7.0a4-embed-win32.zip
https://www.python.org/downloads/windows,python-3.7.0a4-embed-amd64.zip,https://www.python.org/ftp/python/3.7.0/python-3.7.0a4-embed-amd64.zip
https://www.python.org/downloads/windows,python-3.7.0a3-embed-win32.zip,https://www.python.org/ftp/python/3.7.0/python-3.7.0a3-embed-win32.zip
https://www.python.org/downloads/windows,python-3.7.0a3-embed-amd64.zip,https://www.python.org/ftp/python/3.7.0/python-3.7.0a3-embed-amd64.zip
https://www.python.org/downloads/windows,python-3.6.4rc1-embed-win32.zip,https://www.python.org/ftp/python/3.6.4/python-3.6.4rc1-embed-win32.zip
https://www.python.org/downloads/windows,python-3.6.4rc1-embed-amd64.zip,https://www.python.org/ftp/python/3.6.4/python-3.6.4rc1-embed-amd64.zip
https://www.python.org/downloads/windows,python-3.7.0a2-embed-win32.zip,https://www.python.org/ftp/python/3.7.0/python-3.7.0a2-embed-win32.zip
https://www.python.org/downloads/windows,python-3.7.0a2-embed-amd64.zip,https://www.python.org/ftp/python/3.7.0/python-3.7.0a2-embed-amd64.zip
https://www.python.org/downloads/windows,python-3.7.0a1-embed-win32.zip,https://www.python.org/ftp/python/3.7.0/python-3.7.0a1-embed-win32.zip
https://www.python.org/downloads/windows,python-3.7.0a1-embed-amd64.zip,https://www.python.org/ftp/python/3.7.0/python-3.7.0a1-embed-amd64.zip
https://www.python.org/downloads/windows,python-3.6.3rc1-embed-win32.zip,https://www.python.org/ftp/python/3.6.3/python-3.6.3rc1-embed-win32.zip
https://www.python.org/downloads/windows,python-3.6.3rc1-embed-amd64.zip,https://www.python.org/ftp/python/3.6.3/python-3.6.3rc1-embed-amd64.zip
https://www.python.org/downloads/windows,python-2.7.14rc1-pdb.zip,https://www.python.org/ftp/python/2.7.14/python-2.7.14rc1-pdb.zip
https://www.python.org/downloads/windows,python-2.7.14rc1.amd64-pdb.zip,https://www.python.org/ftp/python/2.7.14/python-2.7.14rc1.amd64-pdb.zip
https://www.python.org/downloads/windows,python-3.5.4rc1-embed-win32.zip,https://www.python.org/ftp/python/3.5.4/python-3.5.4rc1-embed-win32.zip
https://www.python.org/downloads/windows,python-3.5.4rc1-embed-amd64.zip,https://www.python.org/ftp/python/3.5.4/python-3.5.4rc1-embed-amd64.zip
https://www.python.org/downloads/windows,python-3.6.2rc2-embed-win32.zip,https://www.python.org/ftp/python/3.6.2/python-3.6.2rc2-embed-win32.zip
https://www.python.org/downloads/windows,python-3.6.2rc2-embed-amd64.zip,https://www.python.org/ftp/python/3.6.2/python-3.6.2rc2-embed-amd64.zip
https://www.python.org/downloads/windows,python-3.6.2rc1-embed-win32.zip,https://www.python.org/ftp/python/3.6.2/python-3.6.2rc1-embed-win32.zip
https://www.python.org/downloads/windows,python-3.6.2rc1-embed-amd64.zip,https://www.python.org/ftp/python/3.6.2/python-3.6.2rc1-embed-amd64.zip
https://www.python.org/downloads/windows,python-3.6.1rc1-embed-win32.zip,https://www.python.org/ftp/python/3.6.1/python-3.6.1rc1-embed-win32.zip
https://www.python.org/downloads/windows,python-3.6.1rc1-embed-amd64.zip,https://www.python.org/ftp/python/3.6.1/python-3.6.1rc1-embed-amd64.zip
https://www.python.org/downloads/windows,python-3.5.3rc1-embed-win32.zip,https://www.python.org/ftp/python/3.5.3/python-3.5.3rc1-embed-win32.zip
https://www.python.org/downloads/windows,python-3.5.3rc1-embed-amd64.zip,https://www.python.org/ftp/python/3.5.3/python-3.5.3rc1-embed-amd64.zip
https://www.python.org/downloads/windows,python-3.6.0rc2-embed-win32.zip,https://www.python.org/ftp/python/3.6.0/python-3.6.0rc2-embed-win32.zip
https://www.python.org/downloads/windows,python-3.6.0rc2-embed-amd64.zip,https://www.python.org/ftp/python/3.6.0/python-3.6.0rc2-embed-amd64.zip
https://www.python.org/downloads/windows,python-3.6.0rc1-embed-win32.zip,https://www.python.org/ftp/python/3.6.0/python-3.6.0rc1-embed-win32.zip
https://www.python.org/downloads/windows,python-3.6.0rc1-embed-amd64.zip,https://www.python.org/ftp/python/3.6.0/python-3.6.0rc1-embed-amd64.zip
https://www.python.org/downloads/windows,python-2.7.13rc1-pdb.zip,https://www.python.org/ftp/python/2.7.13/python-2.7.13rc1-pdb.zip
https://www.python.org/downloads/windows,python-2.7.13rc1.amd64-pdb.zip,https://www.python.org/ftp/python/2.7.13/python-2.7.13rc1.amd64-pdb.zip
https://www.python.org/downloads/windows,python-3.6.0b4-embed-win32.zip,https://www.python.org/ftp/python/3.6.0/python-3.6.0b4-embed-win32.zip
https://www.python.org/downloads/windows,python-3.6.0b4-embed-amd64.zip,https://www.python.org/ftp/python/3.6.0/python-3.6.0b4-embed-amd64.zip
https://www.python.org/downloads/windows,python-3.6.0b3-embed-win32.zip,https://www.python.org/ftp/python/3.6.0/python-3.6.0b3-embed-win32.zip
https://www.python.org/downloads/windows,python-3.6.0b3-embed-amd64.zip,https://www.python.org/ftp/python/3.6.0/python-3.6.0b3-embed-amd64.zip
https://www.python.org/downloads/windows,python-3.6.0b2-embed-win32.zip,https://www.python.org/ftp/python/3.6.0/python-3.6.0b2-embed-win32.zip
https://www.python.org/downloads/windows,python-3.6.0b2-embed-amd64.zip,https://www.python.org/ftp/python/3.6.0/python-3.6.0b2-embed-amd64.zip
https://www.python.org/downloads/windows,python-3.6.0b1-embed-win32.zip,https://www.python.org/ftp/python/3.6.0/python-3.6.0b1-embed-win32.zip
https://www.python.org/downloads/windows,python-3.6.0b1-embed-amd64.zip,https://www.python.org/ftp/python/3.6.0/python-3.6.0b1-embed-amd64.zip
https://www.python.org/downloads/windows,python-3.6.0a4-embed-win32.zip,https://www.python.org/ftp/python/3.6.0/python-3.6.0a4-embed-win32.zip
https://www.python.org/downloads/windows,python-3.6.0a4-embed-amd64.zip,https://www.python.org/ftp/python/3.6.0/python-3.6.0a4-embed-amd64.zip
https://www.python.org/downloads/windows,python-3.6.0a3-embed-win32.zip,https://www.python.org/ftp/python/3.6.0/python-3.6.0a3-embed-win32.zip
https://www.python.org/downloads/windows,python-3.6.0a3-embed-amd64.zip,https://www.python.org/ftp/python/3.6.0/python-3.6.0a3-embed-amd64.zip
https://www.python.org/downloads/windows,python-3.6.0a2-embed-win32.zip,https://www.python.org/ftp/python/3.6.0/python-3.6.0a2-embed-win32.zip
https://www.python.org/downloads/windows,python-3.6.0a2-embed-amd64.zip,https://www.python.org/ftp/python/3.6.0/python-3.6.0a2-embed-amd64.zip
https://www.python.org/downloads/windows,python-2.7.12rc1-pdb.zip,https://www.python.org/ftp/python/2.7.12/python-2.7.12rc1-pdb.zip
https://www.python.org/downloads/windows,python-2.7.12rc1.amd64-pdb.zip,https://www.python.org/ftp/python/2.7.12/python-2.7.12rc1.amd64-pdb.zip
https://www.python.org/downloads/windows,python-3.5.2rc1-embed-win32.zip,https://www.python.org/ftp/python/3.5.2/python-3.5.2rc1-embed-win32.zip
https://www.python.org/downloads/windows,python-3.5.2rc1-embed-amd64.zip,https://www.python.org/ftp/python/3.5.2/python-3.5.2rc1-embed-amd64.zip
https://www.python.org/downloads/windows,python-3.6.0a1-embed-win32.zip,https://www.python.org/ftp/python/3.6.0/python-3.6.0a1-embed-win32.zip
https://www.python.org/downloads/windows,python-3.6.0a1-embed-amd64.zip,https://www.python.org/ftp/python/3.6.0/python-3.6.0a1-embed-amd64.zip
https://www.python.org/downloads/windows,python-3.4.4rc1-pdb.zip,https://www.python.org/ftp/python/3.4.4/python-3.4.4rc1-pdb.zip
https://www.python.org/downloads/windows,python-3.4.4rc1.amd64-pdb.zip,https://www.python.org/ftp/python/3.4.4/python-3.4.4rc1.amd64-pdb.zip
https://www.python.org/downloads/windows,python-3.5.1rc1-embed-win32.zip,https://www.python.org/ftp/python/3.5.1/python-3.5.1rc1-embed-win32.zip
https://www.python.org/downloads/windows,python-3.5.1rc1-embed-amd64.zip,https://www.python.org/ftp/python/3.5.1/python-3.5.1rc1-embed-amd64.zip
https://www.python.org/downloads/windows,python-2.7.11rc1-pdb.zip,https://www.python.org/ftp/python/2.7.11/python-2.7.11rc1-pdb.zip
https://www.python.org/downloads/windows,python-2.7.11rc1.amd64-pdb.zip,https://www.python.org/ftp/python/2.7.11/python-2.7.11rc1.amd64-pdb.zip
https://www.python.org/downloads/windows,python-3.5.0rc4-embed-win32.zip,https://www.python.org/ftp/python/3.5.0/python-3.5.0rc4-embed-win32.zip
https://www.python.org/downloads/windows,python-3.5.0rc4-embed-amd64.zip,https://www.python.org/ftp/python/3.5.0/python-3.5.0rc4-embed-amd64.zip
https://www.python.org/downloads/windows,python-3.5.0rc3-embed-win32.zip,https://www.python.org/ftp/python/3.5.0/python-3.5.0rc3-embed-win32.zip
https://www.python.org/downloads/windows,python-3.5.0rc3-embed-amd64.zip,https://www.python.org/ftp/python/3.5.0/python-3.5.0rc3-embed-amd64.zip
https://www.python.org/downloads/windows,python-3.5.0rc2-embed-win32.zip,https://www.python.org/ftp/python/3.5.0/python-3.5.0rc2-embed-win32.zip
https://www.python.org/downloads/windows,python-3.5.0rc2-embed-amd64.zip,https://www.python.org/ftp/python/3.5.0/python-3.5.0rc2-embed-amd64.zip
https://www.python.org/downloads/windows,python-3.5.0rc1-embed-win32.zip,https://www.python.org/ftp/python/3.5.0/python-3.5.0rc1-embed-win32.zip
https://www.python.org/downloads/windows,python-3.5.0rc1-embed-amd64.zip,https://www.python.org/ftp/python/3.5.0/python-3.5.0rc1-embed-amd64.zip
https://www.python.org/downloads/windows,python-3.5.0b4-embed-win32.zip,https://www.python.org/ftp/python/3.5.0/python-3.5.0b4-embed-win32.zip
https://www.python.org/downloads/windows,python-3.5.0b4-embed-amd64.zip,https://www.python.org/ftp/python/3.5.0/python-3.5.0b4-embed-amd64.zip
https://www.python.org/downloads/windows,python-3.5.0b3-embed-win32.zip,https://www.python.org/ftp/python/3.5.0/python-3.5.0b3-embed-win32.zip
https://www.python.org/downloads/windows,python-3.5.0b3-embed-amd64.zip,https://www.python.org/ftp/python/3.5.0/python-3.5.0b3-embed-amd64.zip
https://www.python.org/downloads/windows,python-3.5.0b2-embed-win32.zip,https://www.python.org/ftp/python/3.5.0/python-3.5.0b2-embed-win32.zip
https://www.python.org/downloads/windows,python-3.5.0b2-embed-amd64.zip,https://www.python.org/ftp/python/3.5.0/python-3.5.0b2-embed-amd64.zip
https://www.python.org/downloads/windows,python-3.5.0b1-embed-amd64.zip,https://www.python.org/ftp/python/3.5.0/python-3.5.0b1-embed-amd64.zip
https://www.python.org/downloads/windows,python-3.5.0b1-embed-win32.zip,https://www.python.org/ftp/python/3.5.0/python-3.5.0b1-embed-win32.zip
https://www.python.org/downloads/windows,python-2.7.10rc1-pdb.zip,https://www.python.org/ftp/python/2.7.10/python-2.7.10rc1-pdb.zip
https://www.python.org/downloads/windows,python-2.7.10rc1.amd64-pdb.zip,https://www.python.org/ftp/python/2.7.10/python-2.7.10rc1.amd64-pdb.zip
https://www.python.org/downloads/windows,python-3.4.3rc1-pdb.zip,https://www.python.org/ftp/python/3.4.3/python-3.4.3rc1-pdb.zip
https://www.python.org/downloads/windows,python-3.4.3rc1.amd64-pdb.zip,https://www.python.org/ftp/python/3.4.3/python-3.4.3rc1.amd64-pdb.zip
https://www.python.org/downloads/windows,python-2.7.9rc1-pdb.zip,https://www.python.org/ftp/python/2.7.9/python-2.7.9rc1-pdb.zip
https://www.python.org/downloads/windows,python-2.7.9rc1.amd64-pdb.zip,https://www.python.org/ftp/python/2.7.9/python-2.7.9rc1.amd64-pdb.zip
https://www.python.org/downloads/windows,python-3.4.2rc1-pdb.zip,https://www.python.org/ftp/python/3.4.2/python-3.4.2rc1-pdb.zip
https://www.python.org/downloads/windows,python-3.4.2rc1.amd64-pdb.zip,https://www.python.org/ftp/python/3.4.2/python-3.4.2rc1.amd64-pdb.zip
https://www.python.org/downloads/windows,python-2.7.7rc1-pdb.zip,https://www.python.org/ftp/python/2.7.7/python-2.7.7rc1-pdb.zip
https://www.python.org/downloads/windows,python-2.7.7rc1.amd64-pdb.zip,https://www.python.org/ftp/python/2.7.7/python-2.7.7rc1.amd64-pdb.zip
https://www.python.org/downloads/windows,python-3.4.1rc1-pdb.zip,https://www.python.org/ftp/python/3.4.1/python-3.4.1rc1-pdb.zip
https://www.python.org/downloads/windows,python-3.4.1rc1.amd64-pdb.zip,https://www.python.org/ftp/python/3.4.1/python-3.4.1rc1.amd64-pdb.zip
https://www.python.org/downloads/windows,python-3.4.0rc3-pdb.zip,http://www.python.org/ftp/python/3.4.0/python-3.4.0rc3-pdb.zip
https://www.python.org/downloads/windows,python-3.4.0rc3.amd64-pdb.zip,http://www.python.org/ftp/python/3.4.0/python-3.4.0rc3.amd64-pdb.zip
https://www.python.org/downloads/windows,python-3.3.5rc2-pdb.zip,http://www.python.org/ftp/python/3.3.5/python-3.3.5rc2-pdb.zip
https://www.python.org/downloads/windows,python-3.3.5rc1-pdb.zip,https://www.python.org/ftp/python/3.3.5/python-3.3.5rc1-pdb.zip
